arquivo,nCT,cCT,CFOP,dhEmi,tpAmb,modal,xMunIni,UFIni,xMunFim,UFFim,emit_CNPJ,emit_xNome,rem_CNPJ,rem_CPF,rem_xNome,dest_CNPJ,dest_CPF,dest_xNome,vTPrest,vRec,vCarga,proPred,CST,vBC,pICMS,vICMS,placa,UF_veiculo
cte_012.png,328259,,6353,22/04/2026 04:00:45,,1.0,Salvador,BA,Brasília,DF,86.704.915/0001-01,DECLARO QUE RECEBI OS VOLUMES DESTE CONHECIMENTO EM PERFEITO ESTADO PELO QUE DOU POR CUMPRIDO O PRESENTE CONTRATO DE TRANSPORTE NOME CHEGADA DATA/HORA CT-E RG ASSINATURA / CARIMBO SAÍDA DATA/HORA NRO. DOCUMENTO 328259 SÉRIE 0 MOREIRA,90.476.253/0001-29,,CONSULTA EM http://www.cte.fazenda.gov.br CFOP - NATUREZA DA PRESTAÇÃO 6353 - PRESTAÇÃO DE SERVIÇO DE TRANSPORTE PROTOCOLO DE AUTORIZAÇÃO DE USO 111843796643322 26/04/2026 19:53:56 INÍCIO DA PRESTAÇÃO Salvador - BA TÉRMINO DA PRESTAÇÃO Brasília - DF REMETENTE CAMARGO,90.476.253/0001-29,,ISABELLY LOPES,,,,,,,,,,
cte_100.png,548579,,6360,01/04/2026 00:25:56,,1.0,São Paulo,SP,Brasília,DF,91.208.437/0001-70,DECLARO QUE RECEBI OS VOLUMES DESTE CONHECIMENTO EM PERFEITO ESTADO PELO QUE DOU POR CUMPRIDO O PRESENTE CONTRATO DE TRANSPORTE NOME ASSINATURA / CARIMBO CHEGADA DATA/HORA CT-E RG SAÍDA DATA/HORA NRO. DOCUMENTO 548579 SÉRIE 0 GOMES GOMES E FILHOS,70.246.915/0001-67,,CONSULTA EM http://www.cte.fazenda.gov.br CFOP - NATUREZA DA PRESTAÇÃO 6360 - PRESTAÇÃO DE SERVIÇO DE TRANSPORTE PROTOCOLO DE AUTORIZAÇÃO DE USO 222695958923215 30/04/2026 03:50:43 INÍCIO DA PRESTAÇÃO São Paulo - SP TÉRMINO DA PRESTAÇÃO Brasília - DF REMETENTE MARQUES,70.246.915/0001-67,,ANA CECÍLIA MACEDO,,,,,,,,,,
cte_088.png,826396,,6351,06/04/2026 08:57:00,,1.0,Brasília,DF,Curitiba,PR,19.870.643/0001-14,DECLARO QUE RECEBI OS VOLUMES DESTE CONHECIMENTO EM PERFEITO ESTADO PELO QUE DOU POR CUMPRIDO O PRESENTE CONTRATO DE TRANSPORTE NOME ASSINATURA / CARIMBO CHEGADA DATA/HORA CT-E NRO. DOCUMENTO 826396 SÉRIE 0 RG SAÍDA DATA/HORA MOURA,37.109.865/0001-09,,PROTOCOLO DE AUTORIZAÇÃO DE USO 319935843405037 30/04/2026 04:23:38 CFOP - NATUREZA DA PRESTAÇÃO 6351 - PRESTAÇÃO DE SERVIÇO DE TRANSPORTE INÍCIO DA PRESTAÇÃO Brasília - DF TÉRMINO DA PRESTAÇÃO Curitiba - PR REMETENTE LEÃO S.A.,37.109.865/0001-09,,MILENA CAMARGO,,,,,,,,,,
cte_092.png,172125,,6351,04/04/2026 12:47:28,,1.0,Brasília,DF,Brasília,DF,12.340.789/0001-09,DECLARO QUE RECEBI OS VOLUMES DESTE CONHECIMENTO EM PERFEITO ESTADO PELO QUE DOU POR CUMPRIDO O PRESENTE CONTRATO DE TRANSPORTE NOME ASSINATURA / CARIMBO CHEGADA DATA/HORA CT-E RG SAÍDA DATA/HORA NRO. DOCUMENTO 172125 SÉRIE 0 VARGAS,93.015.872/0001-04,,CONSULTA EM http://www.cte.fazenda.gov.br CFOP - NATUREZA DA PRESTAÇÃO 6351 - PRESTAÇÃO DE SERVIÇO DE TRANSPORTE PROTOCOLO DE AUTORIZAÇÃO DE USO 299806075586716 30/04/2026 02:55:01 INÍCIO DA PRESTAÇÃO Brasília - DF TÉRMINO DA PRESTAÇÃO Brasília - DF REMETENTE DA MOTA OLIVEIRA E FILHOS,93.015.872/0001-04,,HELLENA FONSECA,,,,,,,,,,
cte_017.png,412634,,6352,30/04/2026 11:58:49,,1.0,Campinas,SP,Rio de Janeiro,RJ,62.971.043/0001-71,DECLARO QUE RECEBI OS VOLUMES DESTE CONHECIMENTO EM PERFEITO ESTADO PELO QUE DOU POR CUMPRIDO O PRESENTE CONTRATO DE TRANSPORTE NOME ASSINATURA / CARIMBO CHEGADA DATA/HORA CT-E RG SAÍDA DATA/HORA NRO. DOCUMENTO 412634 SÉRIE 0 MONTEIRO,80.361.729/0001-22,,CONSULTA EM http://www.cte.fazenda.gov.br CFOP - NATUREZA DA PRESTAÇÃO 6352 - PRESTAÇÃO DE SERVIÇO DE TRANSPORTE PROTOCOLO DE AUTORIZAÇÃO DE USO 225286979862938 28/04/2026 13:52:33 INÍCIO DA PRESTAÇÃO Campinas - SP TÉRMINO DA PRESTAÇÃO Rio de Janeiro - RJ REMETENTE PASTOR,80.361.729/0001-22,,MARIA CECÍLIA VIEIRA,,,,,,,,,,
cte_076.png,365886,,6360,25/04/2026 18:25:12,,1.0,Salvador,BA,Porto Alegre,RS,03.291.786/0001-31,DECLARO QUE RECEBI OS VOLUMES DESTE CONHECIMENTO EM PERFEITO ESTADO PELO QUE DOU POR CUMPRIDO O PRESENTE CONTRATO DE TRANSPORTE NOME ASSINATURA / CARIMBO CHEGADA DATA/HORA CT-E RG SAÍDA DATA/HORA NRO. DOCUMENTO 365886 SÉRIE 0 LEÃO LTDA.,64.380.512/0001-03,,CONSULTA EM http://www.cte.fazenda.gov.br CFOP - NATUREZA DA PRESTAÇÃO 6360 - PRESTAÇÃO DE SERVIÇO DE TRANSPORTE PROTOCOLO DE AUTORIZAÇÃO DE USO 761023586428643 28/04/2026 15:01:32 INÍCIO DA PRESTAÇÃO Salvador - BA TÉRMINO DA PRESTAÇÃO Porto Alegre - RS REMETENTE CIRINO,64.380.512/0001-03,,MARIA SOPHIA CIRINO,,,,,,,,,,
cte_072.png,864321,,6354,07/04/2026 19:49:44,,1.0,Belo Horizonte,MG,Rio de Janeiro,RJ,90.756.281/0001-08,DECLARO QUE RECEBI OS VOLUMES DESTE CONHECIMENTO EM PERFEITO ESTADO PELO QUE DOU POR CUMPRIDO O PRESENTE CONTRATO DE TRANSPORTE NOME ASSINATURA / CARIMBO CHEGADA DATA/HORA CT-E RG SAÍDA DATA/HORA NRO. DOCUMENTO 864321 SÉRIE 0 FOGAÇA S.A.,93.621.408/0001-61,,CONSULTA EM http://www.cte.fazenda.gov.br CFOP - NATUREZA DA PRESTAÇÃO 6354 - PRESTAÇÃO DE SERVIÇO DE TRANSPORTE PROTOCOLO DE AUTORIZAÇÃO DE USO 412697833303690 27/04/2026 15:30:15 INÍCIO DA PRESTAÇÃO Belo Horizonte - MG TÉRMINO DA PRESTAÇÃO Rio de Janeiro - RJ REMETENTE PORTO ARAÚJO S/A,93.621.408/0001-61,,LUARA MENDONÇA,,,,,,,,,,
cte_078.png,929984,,6360,08/04/2026 04:03:36,,1.0,Curitiba,PR,Salvador,BA,53.176.240/0001-08,DECLARO QUE RECEBI OS VOLUMES DESTE CONHECIMENTO EM PERFEITO ESTADO PELO QUE DOU POR CUMPRIDO O PRESENTE CONTRATO DE TRANSPORTE NOME ASSINATURA / CARIMBO CHEGADA DATA/HORA CT-E RG SAÍDA DATA/HORA NRO. DOCUMENTO 929984 SÉRIE 0 FREITAS S.A.,12.469.537/0001-84,,CONSULTA EM http://www.cte.fazenda.gov.br CFOP - NATUREZA DA PRESTAÇÃO 6360 - PRESTAÇÃO DE SERVIÇO DE TRANSPORTE PROTOCOLO DE AUTORIZAÇÃO DE USO 844658626759243 28/04/2026 05:19:15 INÍCIO DA PRESTAÇÃO Curitiba - PR TÉRMINO DA PRESTAÇÃO Salvador - BA REMETENTE VARGAS,12.469.537/0001-84,,EMANUELLY FERNANDES,,,,,,,,,,
cte_085.png,277913,,6353,28/04/2026 18:22:39,,1.0,Campinas,SP,Brasília,DF,45.038.917/0001-13,DECLARO QUE RECEBI OS VOLUMES DESTE CONHECIMENTO EM PERFEITO ESTADO PELO QUE DOU POR CUMPRIDO O PRESENTE CONTRATO DE TRANSPORTE NOME ASSINATURA / CARIMBO CHEGADA DATA/HORA CT-E RG SAÍDA DATA/HORA NRO. DOCUMENTO 277913 SÉRIE 0 SÁ,12.903.758/0001-19,,CONSULTA EM http://www.cte.fazenda.gov.br CFOP - NATUREZA DA PRESTAÇÃO 6353 - PRESTAÇÃO DE SERVIÇO DE TRANSPORTE PROTOCOLO DE AUTORIZAÇÃO DE USO 147400528581740 26/04/2026 16:16:50 INÍCIO DA PRESTAÇÃO Campinas - SP TÉRMINO DA PRESTAÇÃO Brasília - DF REMETENTE SILVA,12.903.758/0001-19,,SRA. ELOÁ JESUS,,,,,,,,,,
cte_020.png,66422,,6360,15/04/2026 20:02:06,,1.0,Fortaleza,CE,Brasília,DF,02.496.158/0001-20,DECLARO QUE RECEBI OS VOLUMES DESTE CONHECIMENTO EM PERFEITO ESTADO PELO QUE DOU POR CUMPRIDO O PRESENTE CONTRATO DE TRANSPORTE NOME ASSINATURA / CARIMBO CHEGADA DATA/HORA CT-E RG SAÍDA DATA/HORA NRO. DOCUMENTO 66422 SÉRIE 0 PINTO - EI,91.804.326/0001-27,,CONSULTA EM http://www.cte.fazenda.gov.br CFOP - NATUREZA DA PRESTAÇÃO 6360 - PRESTAÇÃO DE SERVIÇO DE TRANSPORTE PROTOCOLO DE AUTORIZAÇÃO DE USO 161105412019896 27/04/2026 17:37:46 INÍCIO DA PRESTAÇÃO Fortaleza - CE TÉRMINO DA PRESTAÇÃO Brasília - DF REMETENTE OLIVEIRA,91.804.326/0001-27,,"ENDERECO Feira Marques, Horto, 66 MUNICÍPIO Belo Horizonte - MG CNPJ/CPF PAÍS Brasil CEP 56065-765 IE 42703110573 FONE (72) 94682-7872 EXPEDIDOR",,,,,,,,,,
cte_071.png,834274,,6353,23/04/2026 19:27:48,,1.0,Campinas,SP,Salvador,BA,49.687.032/0001-04,DECLARO QUE RECEBI OS VOLUMES DESTE CONHECIMENTO EM PERFEITO ESTADO PELO QUE DOU POR CUMPRIDO O PRESENTE CONTRATO DE TRANSPORTE NOME ASSINATURA / CARIMBO CHEGADA DATA/HORA CT-E RG SAÍDA DATA/HORA NRO. DOCUMENTO 834274 SÉRIE 0 VIEIRA,16.390.275/0001-19,,CONSULTA EM http://www.cte.fazenda.gov.br CFOP - NATUREZA DA PRESTAÇÃO 6353 - PRESTAÇÃO DE SERVIÇO DE TRANSPORTE PROTOCOLO DE AUTORIZAÇÃO DE USO 973092074681956 28/04/2026 12:56:35 INÍCIO DA PRESTAÇÃO Campinas - SP TÉRMINO DA PRESTAÇÃO Salvador - BA REMETENTE DA MATA,16.390.275/0001-19,,"ENDERECO Rodovia Rezende, Carlos Prates, 244 MUNICÍPIO Campinas - SP CNPJ/CPF PAÍS Brasil CEP 58547-144 IE 80359033994 FONE (40) 48782-0630 EXPEDIDOR",,,,,,,,,,
cte_030.png,167781,,6360,27/04/2026 03:40:44,,1.0,Rio de Janeiro,RJ,Porto Alegre,RS,15.307.826/0001-75,DECLARO QUE RECEBI OS VOLUMES DESTE CONHECIMENTO EM PERFEITO ESTADO PELO QUE DOU POR CUMPRIDO O PRESENTE CONTRATO DE TRANSPORTE NOME ASSINATURA / CARIMBO CHEGADA DATA/HORA CT-E NRO. DOCUMENTO 167781 SÉRIE 0 RG SAÍDA DATA/HORA PORTO,19.325.784/0001-56,,PROTOCOLO DE AUTORIZAÇÃO DE USO 840923765784347 30/04/2026 02:23:59 CFOP - NATUREZA DA PRESTAÇÃO 6360 - PRESTAÇÃO DE SERVIÇO DE TRANSPORTE INÍCIO DA PRESTAÇÃO Rio de Janeiro - RJ TÉRMINO DA PRESTAÇÃO Porto Alegre - RS REMETENTE DA CONCEIÇÃO,19.325.784/0001-56,,LEANDRO ALVES,,,,,,,,,,
cte_037.png,569355,,6360,05/04/2026 01:09:23,,1.0,Curitiba,PR,Salvador,BA,15.627.380/0001-66,DECLARO QUE RECEBI OS VOLUMES DESTE CONHECIMENTO EM PERFEITO ESTADO PELO QUE DOU POR CUMPRIDO O PRESENTE CONTRATO DE TRANSPORTE NOME ASSINATURA / CARIMBO CHEGADA DATA/HORA CT-E NRO. DOCUMENTO 569355 SÉRIE 0 RG SAÍDA DATA/HORA PASTOR,89.514.732/0001-03,,PROTOCOLO DE AUTORIZAÇÃO DE USO 473051713152205 28/04/2026 01:35:20 CFOP - NATUREZA DA PRESTAÇÃO 6360 - PRESTAÇÃO DE SERVIÇO DE TRANSPORTE INÍCIO DA PRESTAÇÃO Curitiba - PR TÉRMINO DA PRESTAÇÃO Salvador - BA REMETENTE CAMARGO,89.514.732/0001-03,,"ENDERECO DR. BENTO DA MATA MUNICÍPIO Morro Camargo, Jardim Leblon, 19 CNPJ/CPF Brasília - DF PAÍS Brasil CEP 04243-836 IE 01868027061 FONE (86) 28435-9996 EXPEDIDOR",,,,,,,,,,
cte_058.png,285554,,6351,20/04/2026 11:25:12,,1.0,Rio de Janeiro,RJ,Fortaleza,CE,84.297.631/0001-04,DECLARO QUE RECEBI OS VOLUMES DESTE CONHECIMENTO EM PERFEITO ESTADO PELO QUE DOU POR CUMPRIDO O PRESENTE CONTRATO DE TRANSPORTE NOME ASSINATURA / CARIMBO CHEGADA DATA/HORA CT-E NRO. DOCUMENTO 285554 SÉRIE 0 RG SAÍDA DATA/HORA CARDOSO FERNANDES S/A,82.715.643/0001-86,,CONSULTA EM http://www.cte.fazenda.gov.br CFOP - NATUREZA DA PRESTAÇÃO 6351 - PRESTAÇÃO DE SERVIÇO DE TRANSPORTE PROTOCOLO DE AUTORIZAÇÃO DE USO 227056501168800 27/04/2026 00:20:51 INÍCIO DA PRESTAÇÃO Rio de Janeiro - RJ TÉRMINO DA PRESTAÇÃO Fortaleza - CE REMETENTE SÁ,82.715.643/0001-86,,ANA CECÍLIA MARQUES,,,,,,,,,,
cte_075.png,618003,,6354,22/04/2026 15:26:08,,1.0,Campinas,SP,Porto Alegre,RS,75.396.421/0001-82,DECLARO QUE RECEBI OS VOLUMES DESTE CONHECIMENTO EM PERFEITO ESTADO PELO QUE DOU POR CUMPRIDO O PRESENTE CONTRATO DE TRANSPORTE NOME ASSINATURA / CARIMBO CHEGADA DATA/HORA CT-E RG SAÍDA DATA/HORA NRO. DOCUMENTO 618003 SÉRIE 0 ABREU CASA GRANDE S.A.,70.926.183/0001-56,,CONSULTA EM http://www.cte.fazenda.gov.br CFOP - NATUREZA DA PRESTAÇÃO 6354 - PRESTAÇÃO DE SERVIÇO DE TRANSPORTE PROTOCOLO DE AUTORIZAÇÃO DE USO 642067646041890 30/04/2026 08:34:11 INÍCIO DA PRESTAÇÃO Campinas - SP TÉRMINO DA PRESTAÇÃO Porto Alegre - RS REMETENTE MACHADO,70.926.183/0001-56,,LUCAS REZENDE,,,,,,,,,,
cte_036.png,846345,,6352,03/04/2026 12:16:27,,1.0,Fortaleza,CE,Rio de Janeiro,RJ,40.829.375/0001-83,DECLARO QUE RECEBI OS VOLUMES DESTE CONHECIMENTO EM PERFEITO ESTADO PELO QUE DOU POR CUMPRIDO O PRESENTE CONTRATO DE TRANSPORTE NOME ASSINATURA / CARIMBO CHEGADA DATA/HORA CT-E RG SAÍDA DATA/HORA NRO. DOCUMENTO 846345 SÉRIE 0 MACHADO - ME,13.057.942/0001-58,,CONSULTA EM http://www.cte.fazenda.gov.br CFOP - NATUREZA DA PRESTAÇÃO 6352 - PRESTAÇÃO DE SERVIÇO DE TRANSPORTE PROTOCOLO DE AUTORIZAÇÃO DE USO 660285254925996 26/04/2026 20:43:34 INÍCIO DA PRESTAÇÃO Fortaleza - CE TÉRMINO DA PRESTAÇÃO Rio de Janeiro - RJ REMETENTE SALES,13.057.942/0001-58,,ÁGATHA FERREIRA,,,,,,,,,,
cte_060.png,805899,,6352,11/04/2026 16:39:59,,1.0,Brasília,DF,Brasília,DF,53.716.829/0001-51,DECLARO QUE RECEBI OS VOLUMES DESTE CONHECIMENTO EM PERFEITO ESTADO PELO QUE DOU POR CUMPRIDO O PRESENTE CONTRATO DE TRANSPORTE NOME ASSINATURA / CARIMBO CHEGADA DATA/HORA CT-E NRO. DOCUMENTO 805899 SÉRIE 0 RG SAÍDA DATA/HORA PEREIRA E FILHOS,96.715.384/0001-06,,PROTOCOLO DE AUTORIZAÇÃO DE USO 347954753038581 25/04/2026 22:04:37 CFOP - NATUREZA DA PRESTAÇÃO 6352 - PRESTAÇÃO DE SERVIÇO DE TRANSPORTE INÍCIO DA PRESTAÇÃO Brasília - DF TÉRMINO DA PRESTAÇÃO Brasília - DF REMETENTE DA PAZ LTDA.,96.715.384/0001-06,,ISADORA ROCHA,,,,,,,,,,
cte_061.png,781667,,6360,19/04/2026 13:48:38,,1.0,Rio de Janeiro,RJ,Rio de Janeiro,RJ,05.874.136/0001-44,DECLARO QUE RECEBI OS VOLUMES DESTE CONHECIMENTO EM PERFEITO ESTADO PELO QUE DOU POR CUMPRIDO O PRESENTE CONTRATO DE TRANSPORTE NOME ASSINATURA / CARIMBO CHEGADA DATA/HORA CT-E RG SAÍDA DATA/HORA NRO. DOCUMENTO 781667 SÉRIE 0 ALBUQUERQUE LTDA.,63.142.857/0001-66,,CONSULTA EM http://www.cte.fazenda.gov.br CFOP - NATUREZA DA PRESTAÇÃO 6360 - PRESTAÇÃO DE SERVIÇO DE TRANSPORTE PROTOCOLO DE AUTORIZAÇÃO DE USO 253219234538213 27/04/2026 02:05:23 INÍCIO DA PRESTAÇÃO Rio de Janeiro - RJ TÉRMINO DA PRESTAÇÃO Rio de Janeiro - RJ REMETENTE SIQUEIRA - EI,63.142.857/0001-66,,VITÓRIA SILVA,,,,,,,,,,
cte_054.png,917733,,6360,07/04/2026 10:29:13,,1.0,Salvador,BA,São Paulo,SP,26.894.573/0001-08,DECLARO QUE RECEBI OS VOLUMES DESTE CONHECIMENTO EM PERFEITO ESTADO PELO QUE DOU POR CUMPRIDO O PRESENTE CONTRATO DE TRANSPORTE NOME ASSINATURA / CARIMBO CHEGADA DATA/HORA CT-E RG SAÍDA DATA/HORA NRO. DOCUMENTO 917733 SÉRIE 0 COSTA,96.271.054/0001-60,,CONSULTA EM http://www.cte.fazenda.gov.br CFOP - NATUREZA DA PRESTAÇÃO 6360 - PRESTAÇÃO DE SERVIÇO DE TRANSPORTE PROTOCOLO DE AUTORIZAÇÃO DE USO 391705913553856 26/04/2026 18:00:05 INÍCIO DA PRESTAÇÃO Salvador - BA TÉRMINO DA PRESTAÇÃO São Paulo - SP REMETENTE SANTOS,96.271.054/0001-60,,RYAN MARQUES,,,,,,,,,,
cte_056.png,413878,,6354,01/04/2026 05:13:53,,1.0,Fortaleza,CE,Brasília,DF,98.257.134/0001-97,DECLARO QUE RECEBI OS VOLUMES DESTE CONHECIMENTO EM PERFEITO ESTADO PELO QUE DOU POR CUMPRIDO O PRESENTE CONTRATO DE TRANSPORTE NOME ASSINATURA / CARIMBO CHEGADA DATA/HORA CT-E RG SAÍDA DATA/HORA NRO. DOCUMENTO 413878 SÉRIE 0 DA CRUZ DA CRUZ S.A.,25.694.317/0001-04,,CONSULTA EM http://www.cte.fazenda.gov.br CFOP - NATUREZA DA PRESTAÇÃO 6354 - PRESTAÇÃO DE SERVIÇO DE TRANSPORTE PROTOCOLO DE AUTORIZAÇÃO DE USO 857070246395412 28/04/2026 15:33:19 INÍCIO DA PRESTAÇÃO Fortaleza - CE TÉRMINO DA PRESTAÇÃO Brasília - DF REMETENTE CIRINO DA COSTA E FILHOS,25.694.317/0001-04,,DRA. AURORA REZENDE,,,,,,,,,,
cte_055.png,752859,,6354,18/04/2026 20:45:17,,1.0,Brasília,DF,Brasília,DF,29.174.036/0001-73,DECLARO QUE RECEBI OS VOLUMES DESTE CONHECIMENTO EM PERFEITO ESTADO PELO QUE DOU POR CUMPRIDO O PRESENTE CONTRATO DE TRANSPORTE NOME CHEGADA DATA/HORA CT-E RG NRO. DOCUMENTO 752859 ASSINATURA / CARIMBO SAÍDA DATA/HORA SÉRIE 0 DA ROCHA CARVALHO - EI,04.951.726/0001-60,,CONSULTA EM http://www.cte.fazenda.gov.br CFOP - NATUREZA DA PRESTAÇÃO 6354 - PRESTAÇÃO DE SERVIÇO DE TRANSPORTE PROTOCOLO DE AUTORIZAÇÃO DE USO 193222031700563 30/04/2026 06:51:49 INÍCIO DA PRESTAÇÃO Brasília - DF TÉRMINO DA PRESTAÇÃO Brasília - DF REMETENTE FERNANDES DA CONCEIÇÃO LTDA.,04.951.726/0001-60,,RENAN DA PAZ,,,,,,,,,,
cte_097.png,941728,,6351,10/04/2026 13:56:30,,1.0,Fortaleza,CE,Porto Alegre,RS,62.587.019/0001-33,DECLARO QUE RECEBI OS VOLUMES DESTE CONHECIMENTO EM PERFEITO ESTADO PELO QUE DOU POR CUMPRIDO O PRESENTE CONTRATO DE TRANSPORTE NOME ASSINATURA / CARIMBO CHEGADA DATA/HORA CT-E RG SAÍDA DATA/HORA NRO. DOCUMENTO 941728 SÉRIE 0 FERREIRA TEIXEIRA - EI,76.419.502/0001-13,,CONSULTA EM http://www.cte.fazenda.gov.br CFOP - NATUREZA DA PRESTAÇÃO 6351 - PRESTAÇÃO DE SERVIÇO DE TRANSPORTE PROTOCOLO DE AUTORIZAÇÃO DE USO 223941517427492 26/04/2026 14:14:12 INÍCIO DA PRESTAÇÃO Fortaleza - CE TÉRMINO DA PRESTAÇÃO Porto Alegre - RS REMETENTE MONTENEGRO,76.419.502/0001-13,,LUAN DA CUNHA,,,,,,,,,,
cte_008.png,95794,,6352,26/04/2026 11:44:12,,,TÉRMINO DA PRESTAÇÃO Curitiba,PR,Curitiba,PR,,,75.316.420/0001-80,,CONSULTA EM http://www.cte.fazenda.gov.br CFOP - NATUREZA DA PRESTAÇÃO 6352 - PRESTAÇÃO DE SERVIÇO DE TRANSPORTE PROTOCOLO DE AUTORIZAÇÃO DE USO 375288966560390 27/04/2026 23:48:18 INÍCIO DA PRESTAÇÃO TÉRMINO DA PRESTAÇÃO Curitiba - PR Brasília - DF REMETENTE DA MOTA S/A,75.316.420/0001-80,,NINA GONÇALVES,,,,,,,,,,
cte_005.png,55323,,6351,22/04/2026 17:41:46,,1.0,São Paulo,SP,Rio de Janeiro,RJ,61.738.205/0001-63,DECLARO QUE RECEBI OS VOLUMES DESTE CONHECIMENTO EM PERFEITO ESTADO PELO QUE DOU POR CUMPRIDO O PRESENTE CONTRATO DE TRANSPORTE NOME ASSINATURA / CARIMBO CHEGADA DATA/HORA CT-E RG SAÍDA DATA/HORA NRO. DOCUMENTO 55323 SÉRIE 0 GUERRA S/A,21.904.657/0001-53,,CONSULTA EM http://www.cte.fazenda.gov.br CFOP - NATUREZA DA PRESTAÇÃO 6351 - PRESTAÇÃO DE SERVIÇO DE TRANSPORTE PROTOCOLO DE AUTORIZAÇÃO DE USO 643021803422052 28/04/2026 10:55:13 INÍCIO DA PRESTAÇÃO São Paulo - SP TÉRMINO DA PRESTAÇÃO Rio de Janeiro - RJ REMETENTE GUERRA,21.904.657/0001-53,,SR. LORENZO BARROS,,,,,,,,,,
cte_098.png,36004,,6354,15/04/2026 12:42:54,,1.0,Brasília,DF,Brasília,DF,64.503.297/0001-90,DECLARO QUE RECEBI OS VOLUMES DESTE CONHECIMENTO EM PERFEITO ESTADO PELO QUE DOU POR CUMPRIDO O PRESENTE CONTRATO DE TRANSPORTE NOME ASSINATURA / CARIMBO CHEGADA DATA/HORA CT-E RG SAÍDA DATA/HORA NRO. DOCUMENTO 36004 SÉRIE 0 DA COSTA S/A,63.850.472/0001-53,,CONSULTA EM http://www.cte.fazenda.gov.br CFOP - NATUREZA DA PRESTAÇÃO 6354 - PRESTAÇÃO DE SERVIÇO DE TRANSPORTE PROTOCOLO DE AUTORIZAÇÃO DE USO 778752380331631 29/04/2026 09:37:43 INÍCIO DA PRESTAÇÃO Brasília - DF TÉRMINO DA PRESTAÇÃO Brasília - DF REMETENTE PIMENTA GONÇALVES S.A.,63.850.472/0001-53,,MARIA LIZ RODRIGUES,,,,,,,,,,
cte_001.png,628524,,6351,11/04/2026 14:38:57,,1.0,Campinas,SP,Porto Alegre,RS,13.687.920/0001-71,DECLARO QUE RECEBI OS VOLUMES DESTE CONHECIMENTO EM PERFEITO ESTADO PELO QUE DOU POR CUMPRIDO O PRESENTE CONTRATO DE TRANSPORTE NOME ASSINATURA / CARIMBO CHEGADA DATA/HORA CT-E RG SAÍDA DATA/HORA NRO. DOCUMENTO 628524 SÉRIE 0 DA CRUZ - ME,07.639.182/0001-94,,CONSULTA EM http://www.cte.fazenda.gov.br CFOP - NATUREZA DA PRESTAÇÃO 6351 - PRESTAÇÃO DE SERVIÇO DE TRANSPORTE PROTOCOLO DE AUTORIZAÇÃO DE USO 554387676491599 27/04/2026 17:15:33 INÍCIO DA PRESTAÇÃO Campinas - SP TÉRMINO DA PRESTAÇÃO Porto Alegre - RS REMETENTE MACHADO,07.639.182/0001-94,,LIAM DA ROCHA,,,,,,,,,,
cte_033.png,273409,,6360,11/04/2026 03:20:34,,,TÉRMINO DA PRESTAÇÃO São Paulo,SP,São Paulo,SP,,,19.270.586/0001-32,,CFOP - NATUREZA DA PRESTAÇÃO 6360 - PRESTAÇÃO DE SERVIÇO DE TRANSPORTE INÍCIO DA PRESTAÇÃO TÉRMINO DA PRESTAÇÃO São Paulo - SP Rio de Janeiro - RJ REMETENTE CUNHA DESTINATÁRIO SR. MARCELO DA ROCHA,19.270.586/0001-32,,SR. MARCELO DA ROCHA,,,,,,,,,,
cte_047.png,444501,,6360,16/04/2026 19:29:16,,1.0,Rio de Janeiro,RJ,Rio de Janeiro,RJ,94.137.856/0001-57,DECLARO QUE RECEBI OS VOLUMES DESTE CONHECIMENTO EM PERFEITO ESTADO PELO QUE DOU POR CUMPRIDO O PRESENTE CONTRATO DE TRANSPORTE NOME ASSINATURA / CARIMBO CHEGADA DATA/HORA CT-E RG SAÍDA DATA/HORA NRO. DOCUMENTO 444501 SÉRIE 0 DA COSTA CAVALCANTI - ME,29.018.354/0001-45,,CONSULTA EM http://www.cte.fazenda.gov.br CFOP - NATUREZA DA PRESTAÇÃO 6360 - PRESTAÇÃO DE SERVIÇO DE TRANSPORTE PROTOCOLO DE AUTORIZAÇÃO DE USO 861791764257195 28/04/2026 22:41:30 INÍCIO DA PRESTAÇÃO Rio de Janeiro - RJ TÉRMINO DA PRESTAÇÃO Rio de Janeiro - RJ REMETENTE RAMOS S.A.,29.018.354/0001-45,,SRA. NATÁLIA VIEIRA,,,,,,,,,,
cte_094.png,601801,,6354,24/04/2026 21:27:54,,,TÉRMINO DA PRESTAÇÃO Porto Alegre,RS,Porto Alegre,RS,,,36.054.179/0001-07,,CONSULTA EM http://www.cte.fazenda.gov.br CFOP - NATUREZA DA PRESTAÇÃO 6354 - PRESTAÇÃO DE SERVIÇO DE TRANSPORTE PROTOCOLO DE AUTORIZAÇÃO DE USO 236796584759140 26/04/2026 03:21:59 INÍCIO DA PRESTAÇÃO TÉRMINO DA PRESTAÇÃO Porto Alegre - RS Curitiba - PR REMETENTE SAMPAIO DA COSTA LTDA. DESTINATÁRIO ANA LIZ VIEIRA,36.054.179/0001-07,,ANA LIZ VIEIRA,,,,,,,,,,
cte_087.png,402598,,6351,28/04/2026 00:43:20,,1.0,Fortaleza,CE,Rio de Janeiro,RJ,08.731.249/0001-89,DECLARO QUE RECEBI OS VOLUMES DESTE CONHECIMENTO EM PERFEITO ESTADO PELO QUE DOU POR CUMPRIDO O PRESENTE CONTRATO DE TRANSPORTE NOME ASSINATURA / CARIMBO CHEGADA DATA/HORA CT-E NRO. DOCUMENTO 402598 SÉRIE 0 RG SAÍDA DATA/HORA SOUSA - ME,04.283.659/0001-53,,PROTOCOLO DE AUTORIZAÇÃO DE USO 246507648427144 29/04/2026 03:23:28 CFOP - NATUREZA DA PRESTAÇÃO 6351 - PRESTAÇÃO DE SERVIÇO DE TRANSPORTE INÍCIO DA PRESTAÇÃO Fortaleza - CE TÉRMINO DA PRESTAÇÃO Rio de Janeiro - RJ REMETENTE CASTRO,04.283.659/0001-53,,CAMILA ALVES,,,,,,,,,,
cte_015.png,396982,,6351,20/04/2026 03:52:43,,1.0,Porto Alegre,RS,São Paulo,SP,19.683.427/0001-60,DECLARO QUE RECEBI OS VOLUMES DESTE CONHECIMENTO EM PERFEITO ESTADO PELO QUE DOU POR CUMPRIDO O PRESENTE CONTRATO DE TRANSPORTE NOME ASSINATURA / CARIMBO CHEGADA DATA/HORA CT-E NRO. DOCUMENTO 396982 SÉRIE 0 RG SAÍDA DATA/HORA PACHECO MOURA E FILHOS,61.475.390/0001-40,,PROTOCOLO DE AUTORIZAÇÃO DE USO 570569838793349 27/04/2026 08:53:09 CFOP - NATUREZA DA PRESTAÇÃO 6351 - PRESTAÇÃO DE SERVIÇO DE TRANSPORTE INÍCIO DA PRESTAÇÃO Porto Alegre - RS TÉRMINO DA PRESTAÇÃO São Paulo - SP REMETENTE MOREIRA,61.475.390/0001-40,,NINA ALVES,,,,,,,,,,
cte_083.png,777317,,6360,13/04/2026 01:44:11,,1.0,Rio de Janeiro,RJ,Belo Horizonte,MG,90.482.361/0001-04,DECLARO QUE RECEBI OS VOLUMES DESTE CONHECIMENTO EM PERFEITO ESTADO PELO QUE DOU POR CUMPRIDO O PRESENTE CONTRATO DE TRANSPORTE NOME ASSINATURA / CARIMBO CHEGADA DATA/HORA CT-E RG SAÍDA DATA/HORA NRO. DOCUMENTO 777317 SÉRIE 0 DA PAZ,63.947.510/0001-90,,CONSULTA EM http://www.cte.fazenda.gov.br CFOP - NATUREZA DA PRESTAÇÃO 6360 - PRESTAÇÃO DE SERVIÇO DE TRANSPORTE PROTOCOLO DE AUTORIZAÇÃO DE USO 840706051875402 29/04/2026 01:53:28 INÍCIO DA PRESTAÇÃO Rio de Janeiro - RJ TÉRMINO DA PRESTAÇÃO Belo Horizonte - MG REMETENTE MONTENEGRO - ME,63.947.510/0001-90,,MANUELA PEIXOTO,,,,,,,,,,
cte_040.png,39680,,6352,06/04/2026 06:47:53,,,Fortaleza,CE,Fortaleza,CE,,,08.925.743/0001-84,,PROTOCOLO DE AUTORIZAÇÃO DE USO 102931031558274 26/04/2026 14:46:19 CFOP - NATUREZA DA PRESTAÇÃO 6352 - PRESTAÇÃO DE SERVIÇO DE TRANSPORTE INÍCIO DA PRESTAÇÃO Fortaleza - CE TÉRMINO DA PRESTAÇÃO Fortaleza - CE REMETENTE NOVAES,08.925.743/0001-84,,SRTA. LORENA ALMEIDA,,,,,,,,,,
cte_023.png,94943,,6360,08/04/2026 23:08:06,,1.0,Fortaleza,CE,Fortaleza,CE,87.042.913/0001-59,DECLARO QUE RECEBI OS VOLUMES DESTE CONHECIMENTO EM PERFEITO ESTADO PELO QUE DOU POR CUMPRIDO O PRESENTE CONTRATO DE TRANSPORTE NOME ASSINATURA / CARIMBO CHEGADA DATA/HORA CT-E RG SAÍDA DATA/HORA NRO. DOCUMENTO 94943 SÉRIE 0 CORREIA LTDA.,14.907.326/0001-01,,CONSULTA EM http://www.cte.fazenda.gov.br CFOP - NATUREZA DA PRESTAÇÃO 6360 - PRESTAÇÃO DE SERVIÇO DE TRANSPORTE PROTOCOLO DE AUTORIZAÇÃO DE USO 729619870601157 28/04/2026 04:23:19 INÍCIO DA PRESTAÇÃO Fortaleza - CE TÉRMINO DA PRESTAÇÃO Fortaleza - CE REMETENTE CAMPOS - ME,14.907.326/0001-01,,LUCAS GABRIEL GARCIA,,,,,,,,,,
cte_084.png,160398,,6354,19/04/2026 08:13:20,,1.0,Salvador,BA,Belo Horizonte,MG,16.780.925/0001-32,DECLARO QUE RECEBI OS VOLUMES DESTE CONHECIMENTO EM PERFEITO ESTADO PELO QUE DOU POR CUMPRIDO O PRESENTE CONTRATO DE TRANSPORTE NOME ASSINATURA / CARIMBO CHEGADA DATA/HORA CT-E RG SAÍDA DATA/HORA NRO. DOCUMENTO 160398 SÉRIE 0 CARDOSO CÂMARA S.A.,61.832.047/0001-06,,CONSULTA EM http://www.cte.fazenda.gov.br CFOP - NATUREZA DA PRESTAÇÃO 6354 - PRESTAÇÃO DE SERVIÇO DE TRANSPORTE PROTOCOLO DE AUTORIZAÇÃO DE USO 359091449557277 29/04/2026 17:04:03 INÍCIO DA PRESTAÇÃO Salvador - BA TÉRMINO DA PRESTAÇÃO Belo Horizonte - MG REMETENTE AZEVEDO COSTELA S.A.,61.832.047/0001-06,,MARIA LIZ GARCIA,,,,,,,,,,
cte_041.png,214467,,6351,01/04/2026 15:55:08,,1.0,São Paulo,SP,Rio de Janeiro,RJ,40.135.682/0001-64,DECLARO QUE RECEBI OS VOLUMES DESTE CONHECIMENTO EM PERFEITO ESTADO PELO QUE DOU POR CUMPRIDO O PRESENTE CONTRATO DE TRANSPORTE NOME ASSINATURA / CARIMBO CHEGADA DATA/HORA CT-E RG SAÍDA DATA/HORA NRO. DOCUMENTO 214467 SÉRIE 0 SAMPAIO,19.457.038/0001-16,,CONSULTA EM http://www.cte.fazenda.gov.br CFOP - NATUREZA DA PRESTAÇÃO 6351 - PRESTAÇÃO DE SERVIÇO DE TRANSPORTE PROTOCOLO DE AUTORIZAÇÃO DE USO 764056018433823 26/04/2026 16:11:42 INÍCIO DA PRESTAÇÃO São Paulo - SP TÉRMINO DA PRESTAÇÃO Rio de Janeiro - RJ REMETENTE DA ROSA,19.457.038/0001-16,,"ENDERECO Residencial Joaquim Sales, Vila De Sá, 40 MUNICÍPIO Curitiba - PR CNPJ/CPF PAÍS Brasil CEP 71770-822 IE 57642652304 FONE (43) 90789-1455 EXPEDIDOR",,,,,,,,,,
cte_096.png,306517,,6351,07/04/2026 09:44:05,,1.0,Porto Alegre,RS,Belo Horizonte,MG,92.813.740/0001-65,DECLARO QUE RECEBI OS VOLUMES DESTE CONHECIMENTO EM PERFEITO ESTADO PELO QUE DOU POR CUMPRIDO O PRESENTE CONTRATO DE TRANSPORTE NOME ASSINATURA / CARIMBO CHEGADA DATA/HORA CT-E NRO. DOCUMENTO 306517 SÉRIE 0 RG SAÍDA DATA/HORA DIAS,84.129.750/0001-58,,PROTOCOLO DE AUTORIZAÇÃO DE USO 508987393014679 30/04/2026 12:21:05 CFOP - NATUREZA DA PRESTAÇÃO 6351 - PRESTAÇÃO DE SERVIÇO DE TRANSPORTE INÍCIO DA PRESTAÇÃO Porto Alegre - RS TÉRMINO DA PRESTAÇÃO Belo Horizonte - MG REMETENTE MELO PORTO - EI,84.129.750/0001-58,,SRTA. SOPHIE BARBOSA,,,,,,,,,,
cte_069.png,7244,,6351,21/04/2026 19:31:49,,1.0,Belo Horizonte,MG,Rio de Janeiro,RJ,36.891.470/0001-30,DECLARO QUE RECEBI OS VOLUMES DESTE CONHECIMENTO EM PERFEITO ESTADO PELO QUE DOU POR CUMPRIDO O PRESENTE CONTRATO DE TRANSPORTE NOME ASSINATURA / CARIMBO CHEGADA DATA/HORA CT-E NRO. DOCUMENTO 7244 SÉRIE 0 RG SAÍDA DATA/HORA BARROS,53.690.728/0001-59,,PROTOCOLO DE AUTORIZAÇÃO DE USO 610254439798151 25/04/2026 22:43:03 CFOP - NATUREZA DA PRESTAÇÃO 6351 - PRESTAÇÃO DE SERVIÇO DE TRANSPORTE INÍCIO DA PRESTAÇÃO Belo Horizonte - MG TÉRMINO DA PRESTAÇÃO Rio de Janeiro - RJ REMETENTE OLIVEIRA APARECIDA S/A,53.690.728/0001-59,,MARIAH CASSIANO,,,,,,,,,,
cte_046.png,678800,,6351,20/04/2026 16:15:03,,1.0,Campinas,SP,Campinas,SP,37.059.482/0001-65,DECLARO QUE RECEBI OS VOLUMES DESTE CONHECIMENTO EM PERFEITO ESTADO PELO QUE DOU POR CUMPRIDO O PRESENTE CONTRATO DE TRANSPORTE NOME CHEGADA DATA/HORA CT-E NRO. DOCUMENTO 678800 SÉRIE 0 RG ASSINATURA / CARIMBO SAÍDA DATA/HORA CÂMARA,93.471.065/0001-04,,CONSULTA EM http://www.cte.fazenda.gov.br CFOP - NATUREZA DA PRESTAÇÃO 6351 - PRESTAÇÃO DE SERVIÇO DE TRANSPORTE PROTOCOLO DE AUTORIZAÇÃO DE USO 355339255022762 28/04/2026 03:49:50 INÍCIO DA PRESTAÇÃO Campinas - SP TÉRMINO DA PRESTAÇÃO Campinas - SP REMETENTE DA ROSA,93.471.065/0001-04,,MARIA ISIS BARROS,,,,,,,,,,
cte_025.png,222757,,6354,10/04/2026 04:05:37,,1.0,Salvador,BA,Brasília,DF,54.276.109/0001-85,DECLARO QUE RECEBI OS VOLUMES DESTE CONHECIMENTO EM PERFEITO ESTADO PELO QUE DOU POR CUMPRIDO O PRESENTE CONTRATO DE TRANSPORTE NOME ASSINATURA / CARIMBO CHEGADA DATA/HORA CT-E RG SAÍDA DATA/HORA NRO. DOCUMENTO 222757 SÉRIE 0 FERNANDES,76.802.135/0001-32,,CONSULTA EM http://www.cte.fazenda.gov.br CFOP - NATUREZA DA PRESTAÇÃO 6354 - PRESTAÇÃO DE SERVIÇO DE TRANSPORTE PROTOCOLO DE AUTORIZAÇÃO DE USO 153699135947048 28/04/2026 22:55:33 INÍCIO DA PRESTAÇÃO Salvador - BA TÉRMINO DA PRESTAÇÃO Brasília - DF REMETENTE NASCIMENTO,76.802.135/0001-32,,"ENDERECO Lago da Costa, Graça, 1 MUNICÍPIO Fortaleza - CE CNPJ/CPF PAÍS Brasil CEP 90160-380 IE 84844745627 FONE (84) 62751-3082 EXPEDIDOR",,,,,,,,,,
cte_059.png,765038,,6360,28/04/2026 09:40:17,,1.0,Porto Alegre,RS,Campinas,SP,13.407.865/0001-19,DECLARO QUE RECEBI OS VOLUMES DESTE CONHECIMENTO EM PERFEITO ESTADO PELO QUE DOU POR CUMPRIDO O PRESENTE CONTRATO DE TRANSPORTE NOME ASSINATURA / CARIMBO CHEGADA DATA/HORA CT-E NRO. DOCUMENTO 765038 SÉRIE 0 RG SAÍDA DATA/HORA CALDEIRA E FILHOS,01.274.965/0001-35,,PROTOCOLO DE AUTORIZAÇÃO DE USO 924671150941527 28/04/2026 16:50:02 CFOP - NATUREZA DA PRESTAÇÃO 6360 - PRESTAÇÃO DE SERVIÇO DE TRANSPORTE INÍCIO DA PRESTAÇÃO Porto Alegre - RS TÉRMINO DA PRESTAÇÃO Campinas - SP REMETENTE MARQUES S.A.,01.274.965/0001-35,,MELISSA MONTENEGRO,,,,,,,,,,
cte_066.png,42997,,6360,14/04/2026 17:24:17,,1.0,Salvador,BA,Curitiba,PR,59.826.104/0001-00,DECLARO QUE RECEBI OS VOLUMES DESTE CONHECIMENTO EM PERFEITO ESTADO PELO QUE DOU POR CUMPRIDO O PRESENTE CONTRATO DE TRANSPORTE NOME ASSINATURA / CARIMBO CHEGADA DATA/HORA CT-E RG SAÍDA DATA/HORA NRO. DOCUMENTO 42997 SÉRIE 0 PEREIRA BARBOSA E FILHOS,07.953.264/0001-09,,CONSULTA EM http://www.cte.fazenda.gov.br CFOP - NATUREZA DA PRESTAÇÃO 6360 - PRESTAÇÃO DE SERVIÇO DE TRANSPORTE PROTOCOLO DE AUTORIZAÇÃO DE USO 696473766456814 30/04/2026 20:19:27 INÍCIO DA PRESTAÇÃO Salvador - BA TÉRMINO DA PRESTAÇÃO Curitiba - PR REMETENTE LIMA COSTA S/A,07.953.264/0001-09,,JOÃO GUILHERME VIEIRA,,,,,,,,,,
cte_039.png,590930,,6351,08/04/2026 07:58:24,,1.0,Curitiba,PR,Campinas,SP,52.863.914/0001-80,DECLARO QUE RECEBI OS VOLUMES DESTE CONHECIMENTO EM PERFEITO ESTADO PELO QUE DOU POR CUMPRIDO O PRESENTE CONTRATO DE TRANSPORTE NOME ASSINATURA / CARIMBO CHEGADA DATA/HORA CT-E RG SAÍDA DATA/HORA NRO. DOCUMENTO 590930 SÉRIE 0 CARDOSO LTDA.,14.369.702/0001-51,,CONSULTA EM http://www.cte.fazenda.gov.br CFOP - NATUREZA DA PRESTAÇÃO 6351 - PRESTAÇÃO DE SERVIÇO DE TRANSPORTE PROTOCOLO DE AUTORIZAÇÃO DE USO 910559827882369 30/04/2026 02:30:28 INÍCIO DA PRESTAÇÃO Curitiba - PR TÉRMINO DA PRESTAÇÃO Campinas - SP REMETENTE CARDOSO,14.369.702/0001-51,,HENRY GABRIEL FARIAS,,,,,,,,,,
cte_067.png,161705,,6352,16/04/2026 05:19:25,,1.0,Salvador,BA,Porto Alegre,RS,15.278.346/0001-23,DECLARO QUE RECEBI OS VOLUMES DESTE CONHECIMENTO EM PERFEITO ESTADO PELO QUE DOU POR CUMPRIDO O PRESENTE CONTRATO DE TRANSPORTE NOME ASSINATURA / CARIMBO CHEGADA DATA/HORA CT-E RG SAÍDA DATA/HORA NRO. DOCUMENTO 161705 SÉRIE 0 NASCIMENTO,30.691.458/0001-03,,PROTOCOLO DE AUTORIZAÇÃO DE USO 703901344905845 25/04/2026 23:11:32 CFOP - NATUREZA DA PRESTAÇÃO 6352 - PRESTAÇÃO DE SERVIÇO DE TRANSPORTE INÍCIO DA PRESTAÇÃO Salvador - BA TÉRMINO DA PRESTAÇÃO Porto Alegre - RS REMETENTE PINTO,30.691.458/0001-03,,"ENDERECO BRYAN DA ROSA MUNICÍPIO Estação de Castro, Vila Independencia 3ª Seção, 95 CNPJ/CPF Rio de Janeiro - RJ PAÍS Brasil CEP 34037-430 IE 67258359178 FONE (66) 03442-3837 EXPEDIDOR",,,,,,,,,,
cte_063.png,322528,,6351,15/04/2026 16:20:39,,1.0,Brasília,DF,São Paulo,SP,92.714.536/0001-97,DECLARO QUE RECEBI OS VOLUMES DESTE CONHECIMENTO EM PERFEITO ESTADO PELO QUE DOU POR CUMPRIDO O PRESENTE CONTRATO DE TRANSPORTE NOME ASSINATURA / CARIMBO CHEGADA DATA/HORA CT-E RG SAÍDA DATA/HORA NRO. DOCUMENTO 322528 SÉRIE 0 NUNES,49.857.236/0001-38,,CONSULTA EM http://www.cte.fazenda.gov.br CFOP - NATUREZA DA PRESTAÇÃO 6351 - PRESTAÇÃO DE SERVIÇO DE TRANSPORTE PROTOCOLO DE AUTORIZAÇÃO DE USO 753848102386892 27/04/2026 13:41:20 INÍCIO DA PRESTAÇÃO Brasília - DF TÉRMINO DA PRESTAÇÃO São Paulo - SP REMETENTE APARECIDA,49.857.236/0001-38,,"ENDERECO SRTA. ANA CECÍLIA SOUSA MUNICÍPIO Passarela Nunes, Maria Helena, 8 CNPJ/CPF Campinas - SP PAÍS Brasil CEP 29510-955 IE 11911003364 FONE (90) 69373-8126 EXPEDIDOR",,,,,,,,,,
cte_095.png,900169,,6352,15/04/2026 07:36:38,,1.0,Porto Alegre,RS,Rio de Janeiro,RJ,37.906.812/0001-00,DECLARO QUE RECEBI OS VOLUMES DESTE CONHECIMENTO EM PERFEITO ESTADO PELO QUE DOU POR CUMPRIDO O PRESENTE CONTRATO DE TRANSPORTE NOME CHEGADA DATA/HORA CT-E RG NRO. DOCUMENTO 900169 ASSINATURA / CARIMBO SAÍDA DATA/HORA SÉRIE 0 DUARTE,25.401.863/0001-00,,CONSULTA EM http://www.cte.fazenda.gov.br CFOP - NATUREZA DA PRESTAÇÃO 6352 - PRESTAÇÃO DE SERVIÇO DE TRANSPORTE PROTOCOLO DE AUTORIZAÇÃO DE USO 225857831637903 30/04/2026 18:58:53 INÍCIO DA PRESTAÇÃO Porto Alegre - RS TÉRMINO DA PRESTAÇÃO Rio de Janeiro - RJ REMETENTE PINTO APARECIDA S/A,25.401.863/0001-00,,LUAN DA MATA,,,,,,,,,,
cte_049.png,768419,,,30/04/2026 08:26:44,,1.0,,,,,10.697.824/0001-16,DECLARO QUE RECEBI OS VOLUMES DESTE CONHECIMENTO EM PERFEITO ESTADO PELO QUE DOU POR CUMPRIDO O PRESENTE CONTRATO DE TRANSPORTE NOME ASSINATURA / CARIMBO CHEGADA DATA/HORA CT-E NRO. DOCUMENTO 768419 SÉRIE 0 RG SAÍDA DATA/HORA PORTO S/A,,,,,,,,,,,,,,,,
cte_077.png,577968,,6354,09/04/2026 19:59:22,,1.0,Belo Horizonte,MG,Brasília,DF,69.702.413/0001-14,DECLARO QUE RECEBI OS VOLUMES DESTE CONHECIMENTO EM PERFEITO ESTADO PELO QUE DOU POR CUMPRIDO O PRESENTE CONTRATO DE TRANSPORTE NOME ASSINATURA / CARIMBO CHEGADA DATA/HORA CT-E RG SAÍDA DATA/HORA NRO. DOCUMENTO 577968 SÉRIE 0 MACEDO,51.297.380/0001-09,,CONSULTA EM http://www.cte.fazenda.gov.br CFOP - NATUREZA DA PRESTAÇÃO 6354 - PRESTAÇÃO DE SERVIÇO DE TRANSPORTE PROTOCOLO DE AUTORIZAÇÃO DE USO 294637346540830 26/04/2026 01:21:22 INÍCIO DA PRESTAÇÃO Belo Horizonte - MG TÉRMINO DA PRESTAÇÃO Brasília - DF REMETENTE JESUS,51.297.380/0001-09,,PEDRO HENRIQUE VASCONCELOS,,,,,,,,,,
cte_003.png,414045,,6351,06/04/2026 01:12:19,,1.0,Rio de Janeiro,RJ,Fortaleza,CE,73.620.189/0001-99,DECLARO QUE RECEBI OS VOLUMES DESTE CONHECIMENTO EM PERFEITO ESTADO PELO QUE DOU POR CUMPRIDO O PRESENTE CONTRATO DE TRANSPORTE NOME ASSINATURA / CARIMBO CHEGADA DATA/HORA CT-E NRO. DOCUMENTO 414045 SÉRIE 0 RG SAÍDA DATA/HORA DA CRUZ S.A.,10.328.697/0001-88,,CONSULTA EM http://www.cte.fazenda.gov.br CFOP - NATUREZA DA PRESTAÇÃO 6351 - PRESTAÇÃO DE SERVIÇO DE TRANSPORTE PROTOCOLO DE AUTORIZAÇÃO DE USO 636237524383938 29/04/2026 21:52:47 INÍCIO DA PRESTAÇÃO Rio de Janeiro - RJ TÉRMINO DA PRESTAÇÃO Fortaleza - CE REMETENTE ROCHA MORAES S/A,10.328.697/0001-88,,SR. JUAN NUNES,,,,,,,,,,
cte_034.png,170634,,6351,08/04/2026 22:34:09,,1.0,Fortaleza,CE,Salvador,BA,91.752.680/0001-55,DECLARO QUE RECEBI OS VOLUMES DESTE CONHECIMENTO EM PERFEITO ESTADO PELO QUE DOU POR CUMPRIDO O PRESENTE CONTRATO DE TRANSPORTE NOME ASSINATURA / CARIMBO CHEGADA DATA/HORA CT-E RG SAÍDA DATA/HORA NRO. DOCUMENTO 170634 SÉRIE 0 DA CONCEIÇÃO,83.429.605/0001-20,,PROTOCOLO DE AUTORIZAÇÃO DE USO 110196706884999 26/04/2026 14:55:22 CFOP - NATUREZA DA PRESTAÇÃO 6351 - PRESTAÇÃO DE SERVIÇO DE TRANSPORTE INÍCIO DA PRESTAÇÃO Fortaleza - CE TÉRMINO DA PRESTAÇÃO Salvador - BA REMETENTE BORGES - ME,83.429.605/0001-20,,ELOAH PEREIRA,,,,,,,,,,
cte_086.png,264028,,6360,26/04/2026 10:29:49,,1.0,Belo Horizonte,MG,Brasília,DF,81.459.203/0001-42,DECLARO QUE RECEBI OS VOLUMES DESTE CONHECIMENTO EM PERFEITO ESTADO PELO QUE DOU POR CUMPRIDO O PRESENTE CONTRATO DE TRANSPORTE NOME ASSINATURA / CARIMBO CHEGADA DATA/HORA CT-E RG SAÍDA DATA/HORA NRO. DOCUMENTO 264028 SÉRIE 0 SILVEIRA,84.031.952/0001-62,,CONSULTA EM http://www.cte.fazenda.gov.br CFOP - NATUREZA DA PRESTAÇÃO 6360 - PRESTAÇÃO DE SERVIÇO DE TRANSPORTE PROTOCOLO DE AUTORIZAÇÃO DE USO 177868903456482 30/04/2026 15:05:11 INÍCIO DA PRESTAÇÃO Belo Horizonte - MG TÉRMINO DA PRESTAÇÃO Brasília - DF REMETENTE SOUSA,84.031.952/0001-62,,MAITÊ NUNES,,,,,,,,,,
cte_021.png,223255,,6353,07/04/2026 11:08:44,,1.0,Belo Horizonte,MG,Brasília,DF,02.674.518/0001-36,DECLARO QUE RECEBI OS VOLUMES DESTE CONHECIMENTO EM PERFEITO ESTADO PELO QUE DOU POR CUMPRIDO O PRESENTE CONTRATO DE TRANSPORTE NOME ASSINATURA / CARIMBO CHEGADA DATA/HORA CT-E RG SAÍDA DATA/HORA NRO. DOCUMENTO 223255 SÉRIE 0 LIMA,05.438.179/0001-87,,CONSULTA EM http://www.cte.fazenda.gov.br CFOP - NATUREZA DA PRESTAÇÃO 6353 - PRESTAÇÃO DE SERVIÇO DE TRANSPORTE PROTOCOLO DE AUTORIZAÇÃO DE USO 825316845194761 30/04/2026 01:26:57 INÍCIO DA PRESTAÇÃO Belo Horizonte - MG TÉRMINO DA PRESTAÇÃO Brasília - DF REMETENTE PASTOR,05.438.179/0001-87,,"ENDERECO SRTA. MARIA FLOR MOURA MUNICÍPIO Morro de Viana, Nova Esperança, 93 CNPJ/CPF Salvador - BA PAÍS Brasil CEP 44475-436 IE 66585779728 FONE (22) 00386-8204 EXPEDIDOR",,,,,,,,,,
cte_011.png,725936,,6352,28/04/2026 21:17:40,,1.0,Belo Horizonte,MG,Belo Horizonte,MG,70.849.152/0001-49,DECLARO QUE RECEBI OS VOLUMES DESTE CONHECIMENTO EM PERFEITO ESTADO PELO QUE DOU POR CUMPRIDO O PRESENTE CONTRATO DE TRANSPORTE NOME ASSINATURA / CARIMBO CHEGADA DATA/HORA CT-E RG SAÍDA DATA/HORA NRO. DOCUMENTO 725936 SÉRIE 0 RIBEIRO GONÇALVES LTDA.,41.785.290/0001-03,,CONSULTA EM http://www.cte.fazenda.gov.br CFOP - NATUREZA DA PRESTAÇÃO 6352 - PRESTAÇÃO DE SERVIÇO DE TRANSPORTE PROTOCOLO DE AUTORIZAÇÃO DE USO 263114310785106 26/04/2026 21:46:04 INÍCIO DA PRESTAÇÃO Belo Horizonte - MG TÉRMINO DA PRESTAÇÃO Belo Horizonte - MG REMETENTE CAMPOS,41.785.290/0001-03,,BEATRIZ GARCIA,,,,,,,,,,
cte_065.png,897688,,6353,24/04/2026 05:41:43,,1.0,Belo Horizonte,MG,Porto Alegre,RS,47.120.658/0001-09,DECLARO QUE RECEBI OS VOLUMES DESTE CONHECIMENTO EM PERFEITO ESTADO PELO QUE DOU POR CUMPRIDO O PRESENTE CONTRATO DE TRANSPORTE NOME ASSINATURA / CARIMBO CHEGADA DATA/HORA CT-E RG SAÍDA DATA/HORA NRO. DOCUMENTO 897688 SÉRIE 0 DA COSTA SOUSA S.A.,19.573.486/0001-85,,CONSULTA EM http://www.cte.fazenda.gov.br CFOP - NATUREZA DA PRESTAÇÃO 6353 - PRESTAÇÃO DE SERVIÇO DE TRANSPORTE PROTOCOLO DE AUTORIZAÇÃO DE USO 736340696110135 28/04/2026 23:28:07 INÍCIO DA PRESTAÇÃO Belo Horizonte - MG TÉRMINO DA PRESTAÇÃO Porto Alegre - RS REMETENTE GUERRA - ME,19.573.486/0001-85,,ANA LAURA PIMENTA,,,,,,,,,,
cte_090.png,915844,,6360,29/04/2026 23:51:55,,1.0,Salvador,BA,Salvador,BA,64.985.712/0001-90,DECLARO QUE RECEBI OS VOLUMES DESTE CONHECIMENTO EM PERFEITO ESTADO PELO QUE DOU POR CUMPRIDO O PRESENTE CONTRATO DE TRANSPORTE NOME ASSINATURA / CARIMBO CHEGADA DATA/HORA CT-E RG SAÍDA DATA/HORA NRO. DOCUMENTO 915844 SÉRIE 0 SILVA LTDA.,39.246.587/0001-59,,CONSULTA EM http://www.cte.fazenda.gov.br CFOP - NATUREZA DA PRESTAÇÃO 6360 - PRESTAÇÃO DE SERVIÇO DE TRANSPORTE PROTOCOLO DE AUTORIZAÇÃO DE USO 206133478116078 29/04/2026 13:16:07 INÍCIO DA PRESTAÇÃO Salvador - BA TÉRMINO DA PRESTAÇÃO Salvador - BA REMETENTE CALDEIRA,39.246.587/0001-59,,ANA JÚLIA FERREIRA,,,,,,,,,,
cte_079.png,423513,,6353,15/04/2026 10:40:31,,,TÉRMINO DA PRESTAÇÃO Curitiba,PR,Curitiba,PR,,,80.456.312/0001-43,,CONSULTA EM http://www.cte.fazenda.gov.br CFOP - NATUREZA DA PRESTAÇÃO 6353 - PRESTAÇÃO DE SERVIÇO DE TRANSPORTE PROTOCOLO DE AUTORIZAÇÃO DE USO 446663353747515 28/04/2026 22:51:41 INÍCIO DA PRESTAÇÃO TÉRMINO DA PRESTAÇÃO Curitiba - PR São Paulo - SP REMETENTE OLIVEIRA - EI,80.456.312/0001-43,,SARAH GOMES,,,,,,,,,,
cte_053.png,303985,,6360,20/04/2026 07:10:08,,1.0,Campinas,SP,Belo Horizonte,MG,45.803.926/0001-53,DECLARO QUE RECEBI OS VOLUMES DESTE CONHECIMENTO EM PERFEITO ESTADO PELO QUE DOU POR CUMPRIDO O PRESENTE CONTRATO DE TRANSPORTE NOME ASSINATURA / CARIMBO CHEGADA DATA/HORA CT-E NRO. DOCUMENTO 303985 SÉRIE 0 RG SAÍDA DATA/HORA BORGES PINTO - EI,02.834.579/0001-13,,PROTOCOLO DE AUTORIZAÇÃO DE USO 609718896098669 26/04/2026 21:44:07 CFOP - NATUREZA DA PRESTAÇÃO 6360 - PRESTAÇÃO DE SERVIÇO DE TRANSPORTE INÍCIO DA PRESTAÇÃO Campinas - SP TÉRMINO DA PRESTAÇÃO Belo Horizonte - MG REMETENTE RAMOS,02.834.579/0001-13,,LUCAS RIOS,,,,,,,,,,
cte_028.png,228115,,6354,05/04/2026 18:19:21,,1.0,São Paulo,SP,Curitiba,PR,72.653.041/0001-98,DECLARO QUE RECEBI OS VOLUMES DESTE CONHECIMENTO EM PERFEITO ESTADO PELO QUE DOU POR CUMPRIDO O PRESENTE CONTRATO DE TRANSPORTE NOME ASSINATURA / CARIMBO CHEGADA DATA/HORA CT-E RG SAÍDA DATA/HORA NRO. DOCUMENTO 228115 SÉRIE 0 BORGES LIMA - EI,21.783.465/0001-36,,CONSULTA EM http://www.cte.fazenda.gov.br CFOP - NATUREZA DA PRESTAÇÃO 6354 - PRESTAÇÃO DE SERVIÇO DE TRANSPORTE PROTOCOLO DE AUTORIZAÇÃO DE USO 619282749427356 30/04/2026 16:49:43 INÍCIO DA PRESTAÇÃO São Paulo - SP TÉRMINO DA PRESTAÇÃO Curitiba - PR REMETENTE NOGUEIRA S/A,21.783.465/0001-36,,ISABEL FOGAÇA,,,,,,,,,,
cte_050.png,205828,,6351,08/04/2026 02:30:56,,1.0,Campinas,SP,São Paulo,SP,26.091.453/0001-64,DECLARO QUE RECEBI OS VOLUMES DESTE CONHECIMENTO EM PERFEITO ESTADO PELO QUE DOU POR CUMPRIDO O PRESENTE CONTRATO DE TRANSPORTE NOME ASSINATURA / CARIMBO CHEGADA DATA/HORA CT-E RG SAÍDA DATA/HORA NRO. DOCUMENTO 205828 SÉRIE 0 ALMEIDA,42.186.095/0001-20,,CONSULTA EM http://www.cte.fazenda.gov.br CFOP - NATUREZA DA PRESTAÇÃO 6351 - PRESTAÇÃO DE SERVIÇO DE TRANSPORTE PROTOCOLO DE AUTORIZAÇÃO DE USO 720919616024140 26/04/2026 20:09:03 INÍCIO DA PRESTAÇÃO Campinas - SP TÉRMINO DA PRESTAÇÃO São Paulo - SP REMETENTE PIRES CUNHA S.A.,42.186.095/0001-20,,DANTE DAS NEVES,,,,,,,,,,
cte_016.png,470441,,6351,09/04/2026 06:04:05,,1.0,Rio de Janeiro,RJ,Curitiba,PR,03.492.176/0001-04,DECLARO QUE RECEBI OS VOLUMES DESTE CONHECIMENTO EM PERFEITO ESTADO PELO QUE DOU POR CUMPRIDO O PRESENTE CONTRATO DE TRANSPORTE NOME ASSINATURA / CARIMBO CHEGADA DATA/HORA CT-E NRO. DOCUMENTO 470441 SÉRIE 0 RG SAÍDA DATA/HORA ARAÚJO MARTINS S.A.,20.817.953/0001-54,,PROTOCOLO DE AUTORIZAÇÃO DE USO 953748552110548 26/04/2026 09:53:55 CFOP - NATUREZA DA PRESTAÇÃO 6351 - PRESTAÇÃO DE SERVIÇO DE TRANSPORTE INÍCIO DA PRESTAÇÃO Rio de Janeiro - RJ TÉRMINO DA PRESTAÇÃO Curitiba - PR REMETENTE ANDRADE,20.817.953/0001-54,,LUIZ OTÁVIO CAVALCANTI,,,,,,,,,,
cte_082.png,799438,,6351,09/04/2026 09:49:47,,1.0,Fortaleza,CE,Salvador,BA,62.753.180/0001-30,DECLARO QUE RECEBI OS VOLUMES DESTE CONHECIMENTO EM PERFEITO ESTADO PELO QUE DOU POR CUMPRIDO O PRESENTE CONTRATO DE TRANSPORTE NOME ASSINATURA / CARIMBO CHEGADA DATA/HORA CT-E RG SAÍDA DATA/HORA NRO. DOCUMENTO 799438 SÉRIE 0 BARBOSA,61.975.203/0001-98,,CONSULTA EM http://www.cte.fazenda.gov.br CFOP - NATUREZA DA PRESTAÇÃO 6351 - PRESTAÇÃO DE SERVIÇO DE TRANSPORTE PROTOCOLO DE AUTORIZAÇÃO DE USO 998993477111170 26/04/2026 05:22:34 INÍCIO DA PRESTAÇÃO Fortaleza - CE TÉRMINO DA PRESTAÇÃO Salvador - BA REMETENTE MOURA FARIAS LTDA.,61.975.203/0001-98,,PIETRO PASTOR,,,,,,,,,,
cte_057.png,38567,,6354,10/04/2026 15:17:18,,,TÉRMINO DA PRESTAÇÃO Curitiba,PR,Curitiba,PR,,,72.368.140/0001-28,,CONSULTA EM http://www.cte.fazenda.gov.br CFOP - NATUREZA DA PRESTAÇÃO 6354 - PRESTAÇÃO DE SERVIÇO DE TRANSPORTE PROTOCOLO DE AUTORIZAÇÃO DE USO 320647167544367 29/04/2026 13:25:43 INÍCIO DA PRESTAÇÃO TÉRMINO DA PRESTAÇÃO Curitiba - PR Rio de Janeiro - RJ REMETENTE TEIXEIRA MELO - ME DESTINATÁRIO OLÍVIA DA CONCEIÇÃO,72.368.140/0001-28,,OLÍVIA DA CONCEIÇÃO,,,,,,,,,,
cte_019.png,354317,,6360,17/04/2026 07:06:00,,1.0,Salvador,BA,Rio de Janeiro,RJ,20.754.861/0001-72,DECLARO QUE RECEBI OS VOLUMES DESTE CONHECIMENTO EM PERFEITO ESTADO PELO QUE DOU POR CUMPRIDO O PRESENTE CONTRATO DE TRANSPORTE NOME ASSINATURA / CARIMBO CHEGADA DATA/HORA CT-E RG SAÍDA DATA/HORA NRO. DOCUMENTO 354317 SÉRIE 0 DA MOTA,34.059.617/0001-02,,CONSULTA EM http://www.cte.fazenda.gov.br CFOP - NATUREZA DA PRESTAÇÃO 6360 - PRESTAÇÃO DE SERVIÇO DE TRANSPORTE PROTOCOLO DE AUTORIZAÇÃO DE USO 675232820882884 29/04/2026 18:18:36 INÍCIO DA PRESTAÇÃO Salvador - BA TÉRMINO DA PRESTAÇÃO Rio de Janeiro - RJ REMETENTE SOUSA PINTO - ME,34.059.617/0001-02,,SRTA. MARIANE APARECIDA,,,,,,,,,,
cte_002.png,468620,,6353,25/04/2026 05:32:49,,1.0,Salvador,BA,Salvador,BA,42.390.658/0001-05,DECLARO QUE RECEBI OS VOLUMES DESTE CONHECIMENTO EM PERFEITO ESTADO PELO QUE DOU POR CUMPRIDO O PRESENTE CONTRATO DE TRANSPORTE NOME ASSINATURA / CARIMBO CHEGADA DATA/HORA CT-E RG SAÍDA DATA/HORA NRO. DOCUMENTO 468620 SÉRIE 0 ALBUQUERQUE,19.536.240/0001-33,,CONSULTA EM http://www.cte.fazenda.gov.br CFOP - NATUREZA DA PRESTAÇÃO 6353 - PRESTAÇÃO DE SERVIÇO DE TRANSPORTE PROTOCOLO DE AUTORIZAÇÃO DE USO 598444320490007 30/04/2026 09:06:45 INÍCIO DA PRESTAÇÃO Salvador - BA TÉRMINO DA PRESTAÇÃO Salvador - BA REMETENTE GOMES PEIXOTO - EI,19.536.240/0001-33,,GABRIEL DA MOTA,,,,,,,,,,
cte_051.png,432801,,6360,15/04/2026 17:04:13,,1.0,Campinas,SP,Brasília,DF,12.970.536/0001-19,DECLARO QUE RECEBI OS VOLUMES DESTE CONHECIMENTO EM PERFEITO ESTADO PELO QUE DOU POR CUMPRIDO O PRESENTE CONTRATO DE TRANSPORTE NOME ASSINATURA / CARIMBO CHEGADA DATA/HORA CT-E RG SAÍDA DATA/HORA NRO. DOCUMENTO 432801 SÉRIE 0 CASTRO,18.547.296/0001-20,,CONSULTA EM http://www.cte.fazenda.gov.br CFOP - NATUREZA DA PRESTAÇÃO 6360 - PRESTAÇÃO DE SERVIÇO DE TRANSPORTE PROTOCOLO DE AUTORIZAÇÃO DE USO 235867406525023 29/04/2026 19:33:01 INÍCIO DA PRESTAÇÃO Campinas - SP TÉRMINO DA PRESTAÇÃO Brasília - DF REMETENTE LOPES S.A.,18.547.296/0001-20,,MARIA JULIA LIMA,,,,,,,,,,
cte_007.png,267682,,6352,05/04/2026 18:11:33,,1.0,Porto Alegre,RS,Curitiba,PR,49.103.768/0001-80,DECLARO QUE RECEBI OS VOLUMES DESTE CONHECIMENTO EM PERFEITO ESTADO PELO QUE DOU POR CUMPRIDO O PRESENTE CONTRATO DE TRANSPORTE NOME ASSINATURA / CARIMBO CHEGADA DATA/HORA CT-E RG SAÍDA DATA/HORA NRO. DOCUMENTO 267682 SÉRIE 0 CARVALHO,48.257.193/0001-97,,CONSULTA EM http://www.cte.fazenda.gov.br CFOP - NATUREZA DA PRESTAÇÃO 6352 - PRESTAÇÃO DE SERVIÇO DE TRANSPORTE PROTOCOLO DE AUTORIZAÇÃO DE USO 650747972877579 28/04/2026 03:16:06 INÍCIO DA PRESTAÇÃO Porto Alegre - RS TÉRMINO DA PRESTAÇÃO Curitiba - PR REMETENTE CAMARGO PEREIRA S/A,48.257.193/0001-97,,DR. LEONARDO ANDRADE,,,,,,,,,,
cte_032.png,55156,,6353,02/04/2026 22:32:13,,1.0,Belo Horizonte,MG,Salvador,BA,12.397.684/0001-96,DECLARO QUE RECEBI OS VOLUMES DESTE CONHECIMENTO EM PERFEITO ESTADO PELO QUE DOU POR CUMPRIDO O PRESENTE CONTRATO DE TRANSPORTE NOME ASSINATURA / CARIMBO CHEGADA DATA/HORA CT-E NRO. DOCUMENTO 55156 SÉRIE 0 RG SAÍDA DATA/HORA DA PAZ,28.346.759/0001-40,,PROTOCOLO DE AUTORIZAÇÃO DE USO 896766689858028 29/04/2026 03:46:35 CFOP - NATUREZA DA PRESTAÇÃO 6353 - PRESTAÇÃO DE SERVIÇO DE TRANSPORTE INÍCIO DA PRESTAÇÃO Belo Horizonte - MG TÉRMINO DA PRESTAÇÃO Salvador - BA REMETENTE BRITO,28.346.759/0001-40,,"ENDERECO Vale de Cunha, Solar Do Barreiro, 59 MUNICÍPIO Brasília - DF CNPJ/CPF PAÍS Brasil CEP 29260-409 IE 25866199015 FONE 1492765567 EXPEDIDOR",,,,,,,,,,
cte_044.png,909904,,6352,03/04/2026 18:02:06,,1.0,Salvador,BA,Salvador,BA,21.796.045/0001-94,DECLARO QUE RECEBI OS VOLUMES DESTE CONHECIMENTO EM PERFEITO ESTADO PELO QUE DOU POR CUMPRIDO O PRESENTE CONTRATO DE TRANSPORTE NOME ASSINATURA / CARIMBO CHEGADA DATA/HORA CT-E RG SAÍDA DATA/HORA NRO. DOCUMENTO 909904 SÉRIE 0 FOGAÇA,12.573.408/0001-31,,CONSULTA EM http://www.cte.fazenda.gov.br CFOP - NATUREZA DA PRESTAÇÃO 6352 - PRESTAÇÃO DE SERVIÇO DE TRANSPORTE PROTOCOLO DE AUTORIZAÇÃO DE USO 949600272748254 27/04/2026 15:43:16 INÍCIO DA PRESTAÇÃO Salvador - BA TÉRMINO DA PRESTAÇÃO Salvador - BA REMETENTE CARDOSO MOREIRA S.A.,12.573.408/0001-31,,RAFAELA ANDRADE,,,,,,,,,,
cte_064.png,475118,,6353,19/04/2026 08:16:20,,1.0,Fortaleza,CE,Porto Alegre,RS,90.746.528/0001-05,DECLARO QUE RECEBI OS VOLUMES DESTE CONHECIMENTO EM PERFEITO ESTADO PELO QUE DOU POR CUMPRIDO O PRESENTE CONTRATO DE TRANSPORTE NOME ASSINATURA / CARIMBO CHEGADA DATA/HORA CT-E RG SAÍDA DATA/HORA NRO. DOCUMENTO 475118 SÉRIE 0 RODRIGUES MENDONÇA LTDA.,97.456.123/0001-73,,CONSULTA EM http://www.cte.fazenda.gov.br CFOP - NATUREZA DA PRESTAÇÃO 6353 - PRESTAÇÃO DE SERVIÇO DE TRANSPORTE PROTOCOLO DE AUTORIZAÇÃO DE USO 205853764421396 27/04/2026 04:22:51 INÍCIO DA PRESTAÇÃO Fortaleza - CE TÉRMINO DA PRESTAÇÃO Porto Alegre - RS REMETENTE DA MOTA,97.456.123/0001-73,,MARIA LUÍSA MARTINS,,,,,,,,,,
cte_018.png,147928,,6360,26/04/2026 13:08:19,,1.0,Porto Alegre,RS,São Paulo,SP,90.123.547/0001-77,DECLARO QUE RECEBI OS VOLUMES DESTE CONHECIMENTO EM PERFEITO ESTADO PELO QUE DOU POR CUMPRIDO O PRESENTE CONTRATO DE TRANSPORTE NOME ASSINATURA / CARIMBO CHEGADA DATA/HORA CT-E RG SAÍDA DATA/HORA NRO. DOCUMENTO 147928 SÉRIE 0 LOPES,67.480.329/0001-78,,CONSULTA EM http://www.cte.fazenda.gov.br CFOP - NATUREZA DA PRESTAÇÃO 6360 - PRESTAÇÃO DE SERVIÇO DE TRANSPORTE PROTOCOLO DE AUTORIZAÇÃO DE USO 212571868712831 27/04/2026 01:20:38 INÍCIO DA PRESTAÇÃO Porto Alegre - RS TÉRMINO DA PRESTAÇÃO São Paulo - SP REMETENTE MENDES,67.480.329/0001-78,,VITOR HUGO CAVALCANTI,,,,,,,,,,
cte_074.png,841794,,6351,18/04/2026 21:18:36,,1.0,Salvador,BA,Rio de Janeiro,RJ,03.287.415/0001-86,DECLARO QUE RECEBI OS VOLUMES DESTE CONHECIMENTO EM PERFEITO ESTADO PELO QUE DOU POR CUMPRIDO O PRESENTE CONTRATO DE TRANSPORTE NOME ASSINATURA / CARIMBO CHEGADA DATA/HORA CT-E RG SAÍDA DATA/HORA NRO. DOCUMENTO 841794 SÉRIE 0 PASTOR E FILHOS,82.573.094/0001-52,,CONSULTA EM http://www.cte.fazenda.gov.br CFOP - NATUREZA DA PRESTAÇÃO 6351 - PRESTAÇÃO DE SERVIÇO DE TRANSPORTE PROTOCOLO DE AUTORIZAÇÃO DE USO 433245495019878 26/04/2026 09:02:45 INÍCIO DA PRESTAÇÃO Salvador - BA TÉRMINO DA PRESTAÇÃO Rio de Janeiro - RJ REMETENTE FONSECA NOGUEIRA E FILHOS,82.573.094/0001-52,,JOAQUIM PORTO,,,,,,,,,,
cte_073.png,191962,,6354,28/04/2026 06:25:40,,1.0,São Paulo,SP,Curitiba,PR,52.406.193/0001-89,DECLARO QUE RECEBI OS VOLUMES DESTE CONHECIMENTO EM PERFEITO ESTADO PELO QUE DOU POR CUMPRIDO O PRESENTE CONTRATO DE TRANSPORTE NOME RG CHEGADA DATA/HORA CT-E NRO. DOCUMENTO 191962 SÉRIE 0 ASSINATURA / CARIMBO SAÍDA DATA/HORA PASTOR LTDA.,37.094.561/0001-07,,CONSULTA EM http://www.cte.fazenda.gov.br CFOP - NATUREZA DA PRESTAÇÃO 6354 - PRESTAÇÃO DE SERVIÇO DE TRANSPORTE PROTOCOLO DE AUTORIZAÇÃO DE USO 638562090785766 28/04/2026 10:13:57 INÍCIO DA PRESTAÇÃO São Paulo - SP TÉRMINO DA PRESTAÇÃO Curitiba - PR REMETENTE REZENDE - ME,37.094.561/0001-07,,ANA SOPHIA SIQUEIRA,,,,,,,,,,
cte_035.png,503837,,6360,10/04/2026 01:08:28,,,TÉRMINO DA PRESTAÇÃO Brasília,DF,Brasília,DF,,,46.913.587/0001-20,,CONSULTA EM http://www.cte.fazenda.gov.br CFOP - NATUREZA DA PRESTAÇÃO 6360 - PRESTAÇÃO DE SERVIÇO DE TRANSPORTE PROTOCOLO DE AUTORIZAÇÃO DE USO 559015239114845 28/04/2026 13:11:24 INÍCIO DA PRESTAÇÃO TÉRMINO DA PRESTAÇÃO Brasília - DF Curitiba - PR REMETENTE DUARTE DESTINATÁRIO,46.913.587/0001-20,,"ENDERECO Viela Isadora Freitas, Santana Do Cafezal, 63 MUNICÍPIO Salvador - BA CNPJ/CPF 46.913.587/0001-20 PAÍS Brasil",,,,,,,,,,
cte_014.png,126929,,6354,25/04/2026 04:28:19,,1.0,Curitiba,PR,Porto Alegre,RS,56.728.149/0001-46,DECLARO QUE RECEBI OS VOLUMES DESTE CONHECIMENTO EM PERFEITO ESTADO PELO QUE DOU POR CUMPRIDO O PRESENTE CONTRATO DE TRANSPORTE NOME ASSINATURA / CARIMBO CHEGADA DATA/HORA CT-E RG SAÍDA DATA/HORA NRO. DOCUMENTO 126929 SÉRIE 0 NUNES S/A,34.698.102/0001-44,,CONSULTA EM http://www.cte.fazenda.gov.br CFOP - NATUREZA DA PRESTAÇÃO 6354 - PRESTAÇÃO DE SERVIÇO DE TRANSPORTE PROTOCOLO DE AUTORIZAÇÃO DE USO 299877983123801 28/04/2026 19:00:02 INÍCIO DA PRESTAÇÃO Curitiba - PR TÉRMINO DA PRESTAÇÃO Porto Alegre - RS REMETENTE COSTA DA ROSA LTDA.,34.698.102/0001-44,,ANTONELLA MENDONÇA,,,,,,,,,,
cte_080.png,23238,,6354,29/04/2026 16:20:47,,1.0,Curitiba,PR,Campinas,SP,56.910.274/0001-72,DECLARO QUE RECEBI OS VOLUMES DESTE CONHECIMENTO EM PERFEITO ESTADO PELO QUE DOU POR CUMPRIDO O PRESENTE CONTRATO DE TRANSPORTE NOME ASSINATURA / CARIMBO CHEGADA DATA/HORA CT-E RG SAÍDA DATA/HORA NRO. DOCUMENTO 23238 SÉRIE 0 DAS NEVES - ME,89.642.510/0001-76,,CONSULTA EM http://www.cte.fazenda.gov.br CFOP - NATUREZA DA PRESTAÇÃO 6354 - PRESTAÇÃO DE SERVIÇO DE TRANSPORTE PROTOCOLO DE AUTORIZAÇÃO DE USO 704457819889200 25/04/2026 22:47:09 INÍCIO DA PRESTAÇÃO Curitiba - PR TÉRMINO DA PRESTAÇÃO Campinas - SP REMETENTE VARGAS,89.642.510/0001-76,,MARIA CECÍLIA REZENDE,,,,,,,,,,
cte_068.png,671620,,6351,10/04/2026 20:50:23,,1.0,Porto Alegre,RS,Fortaleza,CE,36.257.149/0001-06,DECLARO QUE RECEBI OS VOLUMES DESTE CONHECIMENTO EM PERFEITO ESTADO PELO QUE DOU POR CUMPRIDO O PRESENTE CONTRATO DE TRANSPORTE NOME ASSINATURA / CARIMBO CHEGADA DATA/HORA CT-E NRO. DOCUMENTO 671620 SÉRIE 0 RG SAÍDA DATA/HORA DA ROCHA,98.562.047/0001-43,,PROTOCOLO DE AUTORIZAÇÃO DE USO 819011726826821 29/04/2026 17:42:00 CFOP - NATUREZA DA PRESTAÇÃO 6351 - PRESTAÇÃO DE SERVIÇO DE TRANSPORTE INÍCIO DA PRESTAÇÃO Porto Alegre - RS TÉRMINO DA PRESTAÇÃO Fortaleza - CE REMETENTE JESUS CASA GRANDE LTDA.,98.562.047/0001-43,,DR. MATHIAS BARROS,,,,,,,,,,
cte_062.png,366554,,6360,01/04/2026 12:25:03,,,TÉRMINO DA PRESTAÇÃO Porto Alegre,RS,Porto Alegre,RS,,,28.147.059/0001-26,,CONSULTA EM http://www.cte.fazenda.gov.br CFOP - NATUREZA DA PRESTAÇÃO 6360 - PRESTAÇÃO DE SERVIÇO DE TRANSPORTE PROTOCOLO DE AUTORIZAÇÃO DE USO 273399858702028 26/04/2026 07:40:42 INÍCIO DA PRESTAÇÃO TÉRMINO DA PRESTAÇÃO Porto Alegre - RS Curitiba - PR REMETENTE SILVA NOGUEIRA - ME,28.147.059/0001-26,,ANTONELLA ANDRADE,,,,,,,,,,
cte_052.png,376376,,6354,08/04/2026 08:57:00,,1.0,Salvador,BA,Brasília,DF,20.716.395/0001-30,DECLARO QUE RECEBI OS VOLUMES DESTE CONHECIMENTO EM PERFEITO ESTADO PELO QUE DOU POR CUMPRIDO O PRESENTE CONTRATO DE TRANSPORTE NOME ASSINATURA / CARIMBO CHEGADA DATA/HORA CT-E RG SAÍDA DATA/HORA NRO. DOCUMENTO 376376 SÉRIE 0 NUNES,74.650.931/0001-71,,CONSULTA EM http://www.cte.fazenda.gov.br CFOP - NATUREZA DA PRESTAÇÃO 6354 - PRESTAÇÃO DE SERVIÇO DE TRANSPORTE PROTOCOLO DE AUTORIZAÇÃO DE USO 311976303843438 26/04/2026 15:28:18 INÍCIO DA PRESTAÇÃO Salvador - BA TÉRMINO DA PRESTAÇÃO Brasília - DF REMETENTE SALES MENDES S.A.,74.650.931/0001-71,,DR. IAN DA MATA,,,,,,,,,,
cte_081.png,977243,,6353,01/04/2026 13:27:25,,1.0,Fortaleza,CE,Rio de Janeiro,RJ,83.590.642/0001-15,DECLARO QUE RECEBI OS VOLUMES DESTE CONHECIMENTO EM PERFEITO ESTADO PELO QUE DOU POR CUMPRIDO O PRESENTE CONTRATO DE TRANSPORTE NOME ASSINATURA / CARIMBO CHEGADA DATA/HORA CT-E RG SAÍDA DATA/HORA NRO. DOCUMENTO 977243 SÉRIE 0 SALES,64.582.739/0001-31,,CONSULTA EM http://www.cte.fazenda.gov.br CFOP - NATUREZA DA PRESTAÇÃO 6353 - PRESTAÇÃO DE SERVIÇO DE TRANSPORTE PROTOCOLO DE AUTORIZAÇÃO DE USO 736488328294872 27/04/2026 20:52:44 INÍCIO DA PRESTAÇÃO Fortaleza - CE TÉRMINO DA PRESTAÇÃO Rio de Janeiro - RJ REMETENTE MACEDO,64.582.739/0001-31,,SR. RAEL REZENDE,,,,,,,,,,
cte_042.png,75659,,6353,19/04/2026 18:53:54,,1.0,Curitiba,PR,Rio de Janeiro,RJ,62.907.453/0001-53,DECLARO QUE RECEBI OS VOLUMES DESTE CONHECIMENTO EM PERFEITO ESTADO PELO QUE DOU POR CUMPRIDO O PRESENTE CONTRATO DE TRANSPORTE NOME ASSINATURA / CARIMBO CHEGADA DATA/HORA CT-E RG SAÍDA DATA/HORA NRO. DOCUMENTO 75659 SÉRIE 0 DA ROSA LTDA.,74.502.861/0001-04,,CONSULTA EM http://www.cte.fazenda.gov.br CFOP - NATUREZA DA PRESTAÇÃO 6353 - PRESTAÇÃO DE SERVIÇO DE TRANSPORTE PROTOCOLO DE AUTORIZAÇÃO DE USO 754972058699659 27/04/2026 21:02:12 INÍCIO DA PRESTAÇÃO Curitiba - PR TÉRMINO DA PRESTAÇÃO Rio de Janeiro - RJ REMETENTE VARGAS LTDA.,74.502.861/0001-04,,EMILLY ARAÚJO,,,,,,,,,,
cte_038.png,895088,,6351,29/04/2026 19:52:09,,,Campinas,SP,Fortaleza,CE,,,53.142.706/0001-54,,PROTOCOLO DE AUTORIZAÇÃO DE USO 583923684580733 27/04/2026 21:34:21 CFOP - NATUREZA DA PRESTAÇÃO 6351 - PRESTAÇÃO DE SERVIÇO DE TRANSPORTE INÍCIO DA PRESTAÇÃO Campinas - SP TÉRMINO DA PRESTAÇÃO Fortaleza - CE REMETENTE MELO,53.142.706/0001-54,,RODRIGO CASSIANO,,,,,,,,,,
cte_010.png,940980,,6360,21/04/2026 12:36:16,,,Rio de Janeiro,RJ,Brasília,DF,,,06.357.189/0001-50,,CONSULTA EM http://www.cte.fazenda.gov.br CFOP - NATUREZA DA PRESTAÇÃO 6360 - PRESTAÇÃO DE SERVIÇO DE TRANSPORTE PROTOCOLO DE AUTORIZAÇÃO DE USO 116085708355908 27/04/2026 11:45:49 INÍCIO DA PRESTAÇÃO Rio de Janeiro - RJ TÉRMINO DA PRESTAÇÃO Brasília - DF REMETENTE DA CRUZ,06.357.189/0001-50,,DANILO NASCIMENTO,,,,,,,,,,
cte_026.png,334699,,6351,19/04/2026 08:39:38,,1.0,Brasília,DF,Salvador,BA,07.254.136/0001-77,DECLARO QUE RECEBI OS VOLUMES DESTE CONHECIMENTO EM PERFEITO ESTADO PELO QUE DOU POR CUMPRIDO O PRESENTE CONTRATO DE TRANSPORTE NOME ASSINATURA / CARIMBO CHEGADA DATA/HORA CT-E RG SAÍDA DATA/HORA NRO. DOCUMENTO 334699 SÉRIE 0 DA LUZ,43.617.950/0001-72,,CONSULTA EM http://www.cte.fazenda.gov.br CFOP - NATUREZA DA PRESTAÇÃO 6351 - PRESTAÇÃO DE SERVIÇO DE TRANSPORTE PROTOCOLO DE AUTORIZAÇÃO DE USO 502410074642614 26/04/2026 10:33:53 INÍCIO DA PRESTAÇÃO Brasília - DF TÉRMINO DA PRESTAÇÃO Salvador - BA REMETENTE RODRIGUES,43.617.950/0001-72,,DANILO MOURA,,,,,,,,,,
cte_093.png,79238,,6352,27/04/2026 14:55:53,,,TÉRMINO DA PRESTAÇÃO Rio de Janeiro,RJ,Rio de Janeiro,RJ,,,12.794.058/0001-33,,CONSULTA EM http://www.cte.fazenda.gov.br CFOP - NATUREZA DA PRESTAÇÃO 6352 - PRESTAÇÃO DE SERVIÇO DE TRANSPORTE PROTOCOLO DE AUTORIZAÇÃO DE USO 605790467520825 28/04/2026 16:54:56 INÍCIO DA PRESTAÇÃO TÉRMINO DA PRESTAÇÃO Rio de Janeiro - RJ Porto Alegre - RS REMETENTE MONTEIRO S.A.,12.794.058/0001-33,,SRTA. MAITÊ CALDEIRA,,,,,,,,,,
cte_006.png,20523,,6352,13/04/2026 12:23:24,,1.0,Porto Alegre,RS,Fortaleza,CE,32.560.489/0001-42,DECLARO QUE RECEBI OS VOLUMES DESTE CONHECIMENTO EM PERFEITO ESTADO PELO QUE DOU POR CUMPRIDO O PRESENTE CONTRATO DE TRANSPORTE NOME ASSINATURA / CARIMBO CHEGADA DATA/HORA CT-E RG SAÍDA DATA/HORA NRO. DOCUMENTO 20523 SÉRIE 0 CASTRO - EI,56.780.439/0001-39,,CONSULTA EM http://www.cte.fazenda.gov.br CFOP - NATUREZA DA PRESTAÇÃO 6352 - PRESTAÇÃO DE SERVIÇO DE TRANSPORTE PROTOCOLO DE AUTORIZAÇÃO DE USO 496459185850444 28/04/2026 06:14:06 INÍCIO DA PRESTAÇÃO Porto Alegre - RS TÉRMINO DA PRESTAÇÃO Fortaleza - CE REMETENTE MELO,56.780.439/0001-39,,IAN DA PAZ,,,,,,,,,,
cte_027.png,21647,,6351,09/04/2026 12:30:02,,,TÉRMINO DA PRESTAÇÃO Belo Horizonte,MG,Belo Horizonte,MG,,,49.782.516/0001-24,,CONSULTA EM http://www.cte.fazenda.gov.br CFOP - NATUREZA DA PRESTAÇÃO 6351 - PRESTAÇÃO DE SERVIÇO DE TRANSPORTE PROTOCOLO DE AUTORIZAÇÃO DE USO 635882083355450 27/04/2026 07:06:44 INÍCIO DA PRESTAÇÃO TÉRMINO DA PRESTAÇÃO Belo Horizonte - MG Campinas - SP REMETENTE CALDEIRA DESTINATÁRIO ANTONELLA CAMPOS,49.782.516/0001-24,,ANTONELLA CAMPOS,,,,,,,,,,
cte_089.png,215452,,6352,26/04/2026 01:04:21,,1.0,Rio de Janeiro,RJ,Rio de Janeiro,RJ,35.741.682/0001-78,DECLARO QUE RECEBI OS VOLUMES DESTE CONHECIMENTO EM PERFEITO ESTADO PELO QUE DOU POR CUMPRIDO O PRESENTE CONTRATO DE TRANSPORTE NOME CHEGADA DATA/HORA CT-E RG NRO. DOCUMENTO 215452 ASSINATURA / CARIMBO SAÍDA DATA/HORA SÉRIE 0 CASTRO,42.093.865/0001-90,,CONSULTA EM http://www.cte.fazenda.gov.br CFOP - NATUREZA DA PRESTAÇÃO 6352 - PRESTAÇÃO DE SERVIÇO DE TRANSPORTE PROTOCOLO DE AUTORIZAÇÃO DE USO 868125863926400 25/04/2026 20:48:53 INÍCIO DA PRESTAÇÃO Rio de Janeiro - RJ TÉRMINO DA PRESTAÇÃO Rio de Janeiro - RJ REMETENTE MELO S.A.,42.093.865/0001-90,,PEDRO HENRIQUE COSTA,,,,,,,,,,
cte_070.png,160433,,6354,30/04/2026 01:02:36,,1.0,São Paulo,SP,Belo Horizonte,MG,51.638.740/0001-99,DECLARO QUE RECEBI OS VOLUMES DESTE CONHECIMENTO EM PERFEITO ESTADO PELO QUE DOU POR CUMPRIDO O PRESENTE CONTRATO DE TRANSPORTE NOME ASSINATURA / CARIMBO CHEGADA DATA/HORA CT-E RG SAÍDA DATA/HORA NRO. DOCUMENTO 160433 SÉRIE 0 DA MOTA E FILHOS,72.358.901/0001-60,,CONSULTA EM http://www.cte.fazenda.gov.br CFOP - NATUREZA DA PRESTAÇÃO 6354 - PRESTAÇÃO DE SERVIÇO DE TRANSPORTE PROTOCOLO DE AUTORIZAÇÃO DE USO 272582559039243 29/04/2026 12:48:03 INÍCIO DA PRESTAÇÃO São Paulo - SP TÉRMINO DA PRESTAÇÃO Belo Horizonte - MG REMETENTE MORAES,72.358.901/0001-60,,SR. THEODORO CÂMARA,,,,,,,,,,
cte_013.png,326103,,6351,06/04/2026 10:36:42,,1.0,São Paulo,SP,Campinas,SP,63.821.079/0001-31,DECLARO QUE RECEBI OS VOLUMES DESTE CONHECIMENTO EM PERFEITO ESTADO PELO QUE DOU POR CUMPRIDO O PRESENTE CONTRATO DE TRANSPORTE NOME ASSINATURA / CARIMBO CHEGADA DATA/HORA CT-E RG SAÍDA DATA/HORA NRO. DOCUMENTO 326103 SÉRIE 0 JESUS DA COSTA LTDA.,97.153.684/0001-01,,CONSULTA EM http://www.cte.fazenda.gov.br CFOP - NATUREZA DA PRESTAÇÃO 6351 - PRESTAÇÃO DE SERVIÇO DE TRANSPORTE PROTOCOLO DE AUTORIZAÇÃO DE USO 899859941620123 30/04/2026 16:55:04 INÍCIO DA PRESTAÇÃO São Paulo - SP TÉRMINO DA PRESTAÇÃO Campinas - SP REMETENTE DA CUNHA S/A,97.153.684/0001-01,,DAVI MIGUEL PIMENTA,,,,,,,,,,
cte_045.png,771714,,6360,02/04/2026 23:54:54,,1.0,Rio de Janeiro,RJ,Porto Alegre,RS,94.860.231/0001-19,DECLARO QUE RECEBI OS VOLUMES DESTE CONHECIMENTO EM PERFEITO ESTADO PELO QUE DOU POR CUMPRIDO O PRESENTE CONTRATO DE TRANSPORTE NOME ASSINATURA / CARIMBO CHEGADA DATA/HORA CT-E RG SAÍDA DATA/HORA NRO. DOCUMENTO 771714 SÉRIE 0 CASTRO NUNES E FILHOS,18.936.507/0001-17,,CONSULTA EM http://www.cte.fazenda.gov.br CFOP - NATUREZA DA PRESTAÇÃO 6360 - PRESTAÇÃO DE SERVIÇO DE TRANSPORTE PROTOCOLO DE AUTORIZAÇÃO DE USO 871416574998841 28/04/2026 16:47:14 INÍCIO DA PRESTAÇÃO Rio de Janeiro - RJ TÉRMINO DA PRESTAÇÃO Porto Alegre - RS REMETENTE LIMA,18.936.507/0001-17,,ANTONELLA CASA GRANDE,,,,,,,,,,
cte_009.png,724824,,6353,29/04/2026 20:47:28,,,TÉRMINO DA PRESTAÇÃO Campinas,SP,Campinas,SP,,,07.264.513/0001-59,,CONSULTA EM http://www.cte.fazenda.gov.br CFOP - NATUREZA DA PRESTAÇÃO 6353 - PRESTAÇÃO DE SERVIÇO DE TRANSPORTE PROTOCOLO DE AUTORIZAÇÃO DE USO 488923892868580 29/04/2026 15:22:24 INÍCIO DA PRESTAÇÃO TÉRMINO DA PRESTAÇÃO Campinas - SP Porto Alegre - RS REMETENTE BARROS E FILHOS DESTINATÁRIO RAVY LOPES,07.264.513/0001-59,,RAVY LOPES,,,,,,,,,,
cte_043.png,694622,,6352,11/04/2026 10:15:34,,1.0,Campinas,SP,Campinas,SP,49.723.681/0001-05,DECLARO QUE RECEBI OS VOLUMES DESTE CONHECIMENTO EM PERFEITO ESTADO PELO QUE DOU POR CUMPRIDO O PRESENTE CONTRATO DE TRANSPORTE NOME ASSINATURA / CARIMBO CHEGADA DATA/HORA CT-E RG SAÍDA DATA/HORA NRO. DOCUMENTO 694622 SÉRIE 0 GARCIA LTDA.,39.468.210/0001-44,,CONSULTA EM http://www.cte.fazenda.gov.br CFOP - NATUREZA DA PRESTAÇÃO 6352 - PRESTAÇÃO DE SERVIÇO DE TRANSPORTE PROTOCOLO DE AUTORIZAÇÃO DE USO 597642615448233 29/04/2026 14:45:23 INÍCIO DA PRESTAÇÃO Campinas - SP TÉRMINO DA PRESTAÇÃO Campinas - SP REMETENTE CASA GRANDE VASCONCELOS - ME,39.468.210/0001-44,,BENJAMIN CASSIANO,,,,,,,,,,
cte_048.png,398119,,6353,10/04/2026 20:03:18,,1.0,Salvador,BA,São Paulo,SP,58.219.037/0001-95,DECLARO QUE RECEBI OS VOLUMES DESTE CONHECIMENTO EM PERFEITO ESTADO PELO QUE DOU POR CUMPRIDO O PRESENTE CONTRATO DE TRANSPORTE NOME ASSINATURA / CARIMBO CHEGADA DATA/HORA CT-E RG SAÍDA DATA/HORA NRO. DOCUMENTO 398119 SÉRIE 0 DUARTE FERNANDES LTDA.,32.967.451/0001-99,,PROTOCOLO DE AUTORIZAÇÃO DE USO 516775959407536 26/04/2026 22:48:36 CFOP - NATUREZA DA PRESTAÇÃO 6353 - PRESTAÇÃO DE SERVIÇO DE TRANSPORTE INÍCIO DA PRESTAÇÃO Salvador - BA TÉRMINO DA PRESTAÇÃO São Paulo - SP REMETENTE DA CRUZ,32.967.451/0001-99,,BRUNO ARAÚJO,,,,,,,,,,
cte_004.png,679662,,6354,23/04/2026 19:47:48,,1.0,Campinas,SP,Brasília,DF,75.046.823/0001-57,DECLARO QUE RECEBI OS VOLUMES DESTE CONHECIMENTO EM PERFEITO ESTADO PELO QUE DOU POR CUMPRIDO O PRESENTE CONTRATO DE TRANSPORTE NOME ASSINATURA / CARIMBO CHEGADA DATA/HORA CT-E NRO. DOCUMENTO 679662 SÉRIE 0 RG SAÍDA DATA/HORA MENDONÇA MOREIRA S/A,43.087.691/0001-15,,PROTOCOLO DE AUTORIZAÇÃO DE USO 199822784427334 29/04/2026 19:40:45 CFOP - NATUREZA DA PRESTAÇÃO 6354 - PRESTAÇÃO DE SERVIÇO DE TRANSPORTE INÍCIO DA PRESTAÇÃO Campinas - SP TÉRMINO DA PRESTAÇÃO Brasília - DF REMETENTE DIAS,43.087.691/0001-15,,"ENDERECO Praça Camargo, Havaí, 326 MUNICÍPIO Porto Alegre - RS CNPJ/CPF PAÍS Brasil CEP 95774-878 IE 82905555230 FONE (48) 54465-2563 EXPEDIDOR",,,,,,,,,,
cte_029.png,435091,,6351,28/04/2026 16:38:02,,1.0,São Paulo,SP,Campinas,SP,32.908.165/0001-52,DECLARO QUE RECEBI OS VOLUMES DESTE CONHECIMENTO EM PERFEITO ESTADO PELO QUE DOU POR CUMPRIDO O PRESENTE CONTRATO DE TRANSPORTE NOME ASSINATURA / CARIMBO CHEGADA DATA/HORA CT-E RG SAÍDA DATA/HORA NRO. DOCUMENTO 435091 SÉRIE 0 VIANA,58.639.041/0001-02,,CONSULTA EM http://www.cte.fazenda.gov.br CFOP - NATUREZA DA PRESTAÇÃO 6351 - PRESTAÇÃO DE SERVIÇO DE TRANSPORTE PROTOCOLO DE AUTORIZAÇÃO DE USO 234976343981780 30/04/2026 19:58:01 INÍCIO DA PRESTAÇÃO São Paulo - SP TÉRMINO DA PRESTAÇÃO Campinas - SP REMETENTE DA ROSA,58.639.041/0001-02,,EMANUELLA NOVAES,,,,,,,,,,
cte_031.png,336044,,6352,11/04/2026 10:48:03,,1.0,Salvador,BA,Brasília,DF,84.516.092/0001-57,DECLARO QUE RECEBI OS VOLUMES DESTE CONHECIMENTO EM PERFEITO ESTADO PELO QUE DOU POR CUMPRIDO O PRESENTE CONTRATO DE TRANSPORTE NOME ASSINATURA / CARIMBO CHEGADA DATA/HORA CT-E RG SAÍDA DATA/HORA NRO. DOCUMENTO 336044 SÉRIE 0 RIBEIRO,05.648.971/0001-66,,CONSULTA EM http://www.cte.fazenda.gov.br CFOP - NATUREZA DA PRESTAÇÃO 6352 - PRESTAÇÃO DE SERVIÇO DE TRANSPORTE PROTOCOLO DE AUTORIZAÇÃO DE USO 391377654752253 27/04/2026 13:46:43 INÍCIO DA PRESTAÇÃO Salvador - BA TÉRMINO DA PRESTAÇÃO Brasília - DF REMETENTE VIANA S/A,05.648.971/0001-66,,"ENDERECO Danilo Nascimento MUNICÍPIO Quadra de Castro, Candelaria, 17 CNPJ/CPF Campinas - SP PAÍS Brasil CEP 69094-341 IE 04135458842 FONE (45) 81574-8918 EXPEDIDOR",,,,,,,,,,
cte_091.png,350631,,6354,14/04/2026 23:11:48,,1.0,São Paulo,SP,Rio de Janeiro,RJ,67.013.285/0001-76,DECLARO QUE RECEBI OS VOLUMES DESTE CONHECIMENTO EM PERFEITO ESTADO PELO QUE DOU POR CUMPRIDO O PRESENTE CONTRATO DE TRANSPORTE NOME ASSINATURA / CARIMBO CHEGADA DATA/HORA CT-E RG SAÍDA DATA/HORA NRO. DOCUMENTO 350631 SÉRIE 0 CASA GRANDE,39.428.175/0001-30,,CONSULTA EM http://www.cte.fazenda.gov.br CFOP - NATUREZA DA PRESTAÇÃO 6354 - PRESTAÇÃO DE SERVIÇO DE TRANSPORTE PROTOCOLO DE AUTORIZAÇÃO DE USO 335402388832719 27/04/2026 06:33:37 INÍCIO DA PRESTAÇÃO São Paulo - SP TÉRMINO DA PRESTAÇÃO Rio de Janeiro - RJ REMETENTE FOGAÇA,39.428.175/0001-30,,OLIVER CAMPOS,,,,,,,,,,
cte_022.png,585822,,6351,23/04/2026 14:25:59,,1.0,Porto Alegre,RS,Curitiba,PR,58.460.197/0001-21,DECLARO QUE RECEBI OS VOLUMES DESTE CONHECIMENTO EM PERFEITO ESTADO PELO QUE DOU POR CUMPRIDO O PRESENTE CONTRATO DE TRANSPORTE NOME ASSINATURA / CARIMBO CHEGADA DATA/HORA CT-E RG SAÍDA DATA/HORA NRO. DOCUMENTO 585822 SÉRIE 0 FONSECA DA COSTA LTDA.,48.291.753/0001-20,,CONSULTA EM http://www.cte.fazenda.gov.br CFOP - NATUREZA DA PRESTAÇÃO 6351 - PRESTAÇÃO DE SERVIÇO DE TRANSPORTE PROTOCOLO DE AUTORIZAÇÃO DE USO 543049385758619 28/04/2026 04:54:47 INÍCIO DA PRESTAÇÃO Porto Alegre - RS TÉRMINO DA PRESTAÇÃO Curitiba - PR REMETENTE PIRES,48.291.753/0001-20,,MARINA PIMENTA,,,,,,,,,,
cte_024.png,63647,,6352,27/04/2026 09:39:21,,1.0,Belo Horizonte,MG,Curitiba,PR,34.680.291/0001-28,DECLARO QUE RECEBI OS VOLUMES DESTE CONHECIMENTO EM PERFEITO ESTADO PELO QUE DOU POR CUMPRIDO O PRESENTE CONTRATO DE TRANSPORTE NOME ASSINATURA / CARIMBO CHEGADA DATA/HORA CT-E RG SAÍDA DATA/HORA NRO. DOCUMENTO 63647 SÉRIE 0 MACEDO LTDA.,27.853.914/0001-51,,CONSULTA EM http://www.cte.fazenda.gov.br CFOP - NATUREZA DA PRESTAÇÃO 6352 - PRESTAÇÃO DE SERVIÇO DE TRANSPORTE PROTOCOLO DE AUTORIZAÇÃO DE USO 354466379080450 26/04/2026 06:47:12 INÍCIO DA PRESTAÇÃO Belo Horizonte - MG TÉRMINO DA PRESTAÇÃO Curitiba - PR REMETENTE PINTO - EI,27.853.914/0001-51,,EMANUEL MONTEIRO,,,,,,,,,,
cte_099.png,582625,,6353,14/04/2026 05:43:17,,1.0,Rio de Janeiro,RJ,Belo Horizonte,MG,39.506.814/0001-38,DECLARO QUE RECEBI OS VOLUMES DESTE CONHECIMENTO EM PERFEITO ESTADO PELO QUE DOU POR CUMPRIDO O PRESENTE CONTRATO DE TRANSPORTE NOME ASSINATURA / CARIMBO CHEGADA DATA/HORA CT-E RG SAÍDA DATA/HORA NRO. DOCUMENTO 582625 SÉRIE 0 CASSIANO FERNANDES S/A,60.824.571/0001-72,,CONSULTA EM http://www.cte.fazenda.gov.br CFOP - NATUREZA DA PRESTAÇÃO 6353 - PRESTAÇÃO DE SERVIÇO DE TRANSPORTE PROTOCOLO DE AUTORIZAÇÃO DE USO 662437772270084 30/04/2026 12:47:53 INÍCIO DA PRESTAÇÃO Rio de Janeiro - RJ TÉRMINO DA PRESTAÇÃO Belo Horizonte - MG REMETENTE MENDES MACEDO E FILHOS,60.824.571/0001-72,,BIANCA SOUZA,,,,,,,,,,
